nombre; precio;imagen;;;;;;;;;;
BANDEJA N°17 X 20UD DARN;2700;https://berpaadmin.com.co/backend/admin/backend/web/archivosDelCliente/items/images/6360-Productos-EMPAQUES-Y-DESECHABLES-BANDEJA-DARNEL-N-17-PACA-X-500-UNIDADES-636020230911134302.jpg;;;;;;;;;;
BANDEJA N°17 X 40UD DARN;5100;https://berpaadmin.com.co/backend/admin/backend/web/archivosDelCliente/items/images/6360-Productos-EMPAQUES-Y-DESECHABLES-BANDEJA-DARNEL-N-17-PACA-X-500-UNIDADES-636020230911134302.jpg;;;;;;;;;;
BANDEJA 3-1  X500UD;55500;https://encrypted-tbn0.gstatic.com/images?q=tbn:ANd9GcT30QIRIAgftm6fJGFPVVlFzIF1_98yB7aruw&s;;;;;;;;;;
BANDEJA HONDA 34-2.5 CHAMPIÑONERA X200UD;150900;https://cdn.ajoverdarnel.com/img/pf/D221201-4.jpg;;;;;;;;;;
BANDEJA N°1 X 20UD DARN;1700;https://cdn.ajoverdarnel.com/img/pf/D200101.jpg;;;;;;;;;;
BANDEJA N°1 X 40UD DARN;3100;https://cdn.ajoverdarnel.com/img/pf/D200101.jpg;;;;;;;;;;
BANDEJA N°7 X 20UD DARN;3400;https://cdn.ajoverdarnel.com/img/pf/D200701.jpg;;;;;;;;;;
BANDEJA N°7 X 40UD DARN;6200;https://cdn.ajoverdarnel.com/img/pf/D200701.jpg;;;;;;;;;;
BANDEJA N°8 X 20UD DARN;5700;https://cdn.ajoverdarnel.com/img/pf/D200801-3.jpg;;;;;;;;;;
BANDEJA J-2 X20UD DARN;7800;https://cdn.ajoverdarnel.com/img/pf/D403201.jpg;;;;;;;;;;
BANDEJA J-1 X20UD DARN;7700;https://cdn.ajoverdarnel.com/img/pf/D403101.jpg;;;;;;;;;;
BANDEJA P-3 X 20UD DARN;8600;https://cdn.ajoverdarnel.com/img/pf/D400501.jpg;;;;;;;;;;
BANDEJA P-1 X 20UD DARN;8600;https://cdn.ajoverdarnel.com/img/pf/D405101.jpg;;;;;;;;;;
PORTAC K-1 X 20UD DARN;6800;https://cdn.ajoverdarnel.com/img/pf/D407101.jpg;;;;;;;;;;
PORTACOM C-1 X20UD DARNEL;4700;https://cdn.ajoverdarnel.com/img/pf/D402001.jpg;;;;;;;;;;
PORTACOM T-1 X20UD DARN;16600;https://cdn.ajoverdarnel.com/img/pf/D406101.jpg;;;;;;;;;;
BANDEJA BIODEGRADABLE J-1 X20UD;17100;https://desechablesbiodegradables.com.co/cdn/shop/products/Diapositiva1_dc23798e-28f0-4258-9588-2b7b9a9a871d_735x700.jpg?v=1687877120;;;;;;;;;;
BANDEJA BIODEGRADABLE C-1 X20UD;10500;https://codipacsa.com/wp-content/uploads/2024/02/2024-02-16-09-58-34-768x1024.png;;;;;;;;;;
BANDEJA #1 1 1/2 X20UD;2400;https://cdn.ajoverdarnel.com/img/pf/D2150101.jpg;;;;;;;;;;
BANDEJA wave TERMICA J-1 X20UD DARN;10000;https://cdn.ajoverdarnel.com/img/pf/D403103NW.jpg;;;;;;;;;;
BANDEJA wave TERMICA C-1 X20UD DARN ;6100;https://cdn.ajoverdarnel.com/img/pf/D402103NW.jpg;;;;;;;;;;
BANDEJA wave TERMICA P-1 X20UD DARN;10200;https://cdn.ajoverdarnel.com/img/pf/D405103NW.jpg;;;;;;;;;;
CUCHARA BLANCA PEQUE X20UD DARNEL;1200;https://cdn.ajoverdarnel.com/img/pf/D950101.jpg;;;;;;;;;;
TENEDOR PEQUEÑO X100UD ;2500;https://exitocol.vtexassets.com/arquivos/ids/24071056/Tenedor-Blanco-X20-684288_b.jpg?v=638588518628400000;;;;;;;;;;
TENEDOR GRANDE INVERPLAST X100UD;4100;https://cdn.ajoverdarnel.com/img/pf/D91202001.jpg;;;;;;;;;;
CUCHARA GRANDE INVERPLAST 100UD;4100;https://www.foodservice-ni.com/wp-content/uploads/2021/05/1031011-Cuchara-plastica-blanca.jpg;;;;;;;;;;
CUCHARITA INVERPLAST 100UD;2500;https://dojiw2m9tvv09.cloudfront.net/34367/product/cuden081-1-4-402343.jpg;;;;;;;;;;
TENEDOR PEQ INVERPLAST 100UD;2400;https://exitocol.vtexassets.com/arquivos/ids/24071056/Tenedor-Blanco-X20-684288_b.jpg?v=638588518628400000;;;;;;;;;;
TENEDOR GRANDE TAMI X20UD;1700;https://cdn.ajoverdarnel.com/img/pf/D81102001.jpg;;;;;;;;;;
TENEDOR BLANCO PEQ X20UD;1200;https://cdn.ajoverdarnel.com/img/pf/D87110001L.jpg;;;;;;;;;;
CUCHILLO X20UD TAMI BLAN;1700;https://cdn.ajoverdarnel.com/img/pf/D82102001.jpg;;;;;;;;;;
CUCHARA SOPERA X20UD TAMI BLAN;2000;https://cdn.ajoverdarnel.com/img/pf/D84102001.jpg;;;;;;;;;;
CUCHILLO GRANDE X100UD INVERPLASC;3800;https://cdn.ajoverdarnel.com/img/pf/D92202001.jpg;;;;;;;;;;
CUCHARA CAPUCHINERA X 100UD;5800;https://image.made-in-china.com/202f0j00JeBbMjtqklcu/Disposable-Tableware-Plastic-Long-Handled-Coffee-Spoon-Thickened-Independent-Packaging-115mm-.webp;;;;;;;;;;
CUCHARITA DULCERA BLANCA X50UD;1500;https://cdn.ajoverdarnel.com/img/pf/D965101.jpg;;;;;;;;;;
CUCHARA GRANDE MADERA  X20UD;2500;https://encrypted-tbn0.gstatic.com/images?q=tbn:ANd9GcQ78A6c0dCqy0fyvY5ubntcdFG0PV9RXUYRyg&s;;;;;;;;;;
TENEDOR GRANDE MADERA  X20UD;2100;https://static.wixstatic.com/media/cd9604_2c46da94ef57438e8ce90c414d8510ec~mv2.jpg/v1/fill/w_480,h_446,al_c,q_80,usm_0.66_1.00_0.01,enc_avif,quality_auto/cd9604_2c46da94ef57438e8ce90c414d8510ec~mv2.jpg;;;;;;;;;;
CUCHILLO GRANDE MADERA  X20UD;2100;https://ecocosta.com.co/wp-content/uploads/2022/03/CUCHILLO-DE-MANDERA-320x320.jpg;;;;;;;;;;
MINI CUCHARA MADERA X50UD;3200;https://superdesechablesdelnorte.com/1177-large_default/cuchara-madera-mini-7-cm-el-sol-paquete-x-100.jpg;;;;;;;;;;
PALO BANDERIN X100UD;4900;https://http2.mlstatic.com/D_Q_NP_2X_690378-MCO79143199260_092024-T.webp;;;;;;;;;;
PALO MEZCLADOR MEDIANO X 500UD;4300;https://superdesechablesdelnorte.com/1404-medium_default/mezclador-plano-madera-11-cm-el-sol-pq-x-500.jpg;;;;;;;;;;
COPA VENECIANA + TAP 8OZ X20UD;16700;https://cdn.ajoverdarnel.com/img/pf/D720800-2.jpg;;;;;;;;;;
COPA VENECIANA + TAPA 5OZ X20UD;9800;https://cdn.ajoverdarnel.com/img/pf/D720500-2.jpg;;;;;;;;;;
COPA VENECIANA + TAP 3OZ X20UD;8400;https://cdn.ajoverdarnel.com/img/pf/D720300.jpg;;;;;;;;;;
COPA VINO TRANSPARENTE  X20UD;9000;https://defiestaencasa.es/wp-content/uploads/2015/10/copa-vino-pequena-pie-colores_01_De_Fiesta_En_Casa.jpg;;;;;;;;;;
COPA SHOT TRANSPARENTE X20UD;5900;https://superdesechablesdelnorte.com/26-home_default/copa-vino-3-oz-cristal-x-20-qualy.jpg;;;;;;;;;;
COPA FLAUTA TRANSPARENTE X20UD;9700;https://m.media-amazon.com/images/I/61qcMlfCr2L.jpg;;;;;;;;;;
TAPA PARA COPA SOUFLLE 1.5, 2 Y 2.5OZ DARN X100UD;4700;https://cdn.ajoverdarnel.com/img/pf/D633000TN.jpg;;;;;;;;;;
COPA SOUFFLE 1.5 PANDA X100UD DARN;5800;https://cdn.ajoverdarnel.com/img/pf/D631502PN.jpg;;;;;;;;;;
CAPACILLO NUM 1X500UD;1900;https://www.dispropancaribe.com/cdn/shop/products/112409112410112411112412112413112414112445.jpg?v=1650915460;;;;;;;;;;
CAPACILLO NUM 2X500UD;2800;https://www.dispropancaribe.com/cdn/shop/products/112409112410112411112412112413112414112445.jpg?v=1650915460;;;;;;;;;;
CAPACILLO NUM 4 X400UD;3300;https://www.dispropancaribe.com/cdn/shop/products/112409112410112411112412112413112414112445.jpg?v=1650915460;;;;;;;;;;
CAPACILLO NUM 3 X100UD;3900;https://www.dispropancaribe.com/cdn/shop/products/112409112410112411112412112413112414112445.jpg?v=1650915460;;;;;;;;;;
CAPACILLOS NUM 5 X500UD;12250;https://www.dispropancaribe.com/cdn/shop/products/112409112410112411112412112413112414112445.jpg?v=1650915460;;;;;;;;;;
CAPACILLOS NUM 6 X500UD;13200;https://www.dispropancaribe.com/cdn/shop/products/112409112410112411112412112413112414112445.jpg?v=1650915460;;;;;;;;;;
MOLDE CAPACILLO ALUMINIO X10UD;2900;https://www.orquidea.com.co/image/cache/catalog/Products/Nacional/2303019U_1-1000x1000.jpg;;;;;;;;;;
MOLDE CAPACILLO ALUMINIO x6 XUD;2100;https://www.orquidea.com.co/image/cache/catalog/Products/Nacional/2303019U_1-1000x1000.jpg;;;;;;;;;;
CINTA AMARRE DECORATIVA X100UD;1500;https://encrypted-tbn0.gstatic.com/images?q=tbn:ANd9GcSOn1zlUJdF_B2a1pIDH7huagJRs6QZFQQLx_3xCsQbGNQeU0sGjcH0PcQkgYSOrCHL-Ck&usqp=CAU;;;;;;;;;;
CINTA X50MTS XUD;2700;https://http2.mlstatic.com/D_NQ_NP_935658-MCO82190542166_022025-O.webp;;;;;;;;;;
CINTA X100MTS XUD;5100;https://http2.mlstatic.com/D_NQ_NP_935658-MCO82190542166_022025-O.webp;;;;;;;;;;
CINTA X300MTS XUD;15100;https://http2.mlstatic.com/D_NQ_NP_935658-MCO82190542166_022025-O.webp;;;;;;;;;;
ROLLO TERMICO 80X60;4000;https://medios.papeleriamodelo.com/wp-content/uploads/2015/06/rollos-papel-termico-80x60.jpg;;;;;;;;;;
CAJA TAPABOCAS CIVIL X50UD INDIVIDUAL;10000;https://static.wixstatic.com/media/536afe_046ec1dd63e44799aeeb489fd18ac1ab~mv2.jpg/v1/fill/w_560,h_560,al_c,q_80,usm_0.66_1.00_0.01,enc_avif,quality_auto/Sin%20t%C3%ADtulo-1%20copia.jpg;;;;;;;;;;
CAJA TAPABOCAS NIÑO DECORADO X50UD;12000;https://http2.mlstatic.com/D_Q_NP_2X_980379-CBT84202365057_042025-T.webp;;;;;;;;;;
CAJA TAPABOCAS NEGRO EMPAQ INDIV X50UD;15000;https://paraisodistribuciones.com/wp-content/uploads/2023/07/tapabocas-ukaint-negro-1.png;;;;;;;;;;
ESPONJA MATRIX X14UD NIXA;9000;https://www.multiexpress.com.co/wp-content/uploads/2023/02/1730.jpg;;;;;;;;;;
ESPONJA METALIZADA PINTO X1UD;4300;https://http2.mlstatic.com/D_NQ_NP_2X_887111-MCO82026399678_022025-T.webp;;;;;;;;;;
PAPEL HIGI INSTIT SENCI X4UD;33600;https://static.wixstatic.com/media/34c4d6_53192676c5bf4ee096ce5e8a39ed1fe5~mv2.png/v1/fill/w_948,h_468,al_c,q_90,enc_avif,quality_auto/34c4d6_53192676c5bf4ee096ce5e8a39ed1fe5~mv2.png;;;;;;;;;;
DISPENSADOR PARA PAPEL INSTITUCIONAL;32000;https://gcinternational.com.co/wp-content/uploads/2022/03/nuevo-3-2.jpg;;;;;;;;;;
PAPEL PERIODICO X LIBRA;5000;https://www.lacobacha.com.ec/wp-content/uploads/papel-periodico.png;;;;;;;;;;
SERVILLETAS NUBE 300UD;3600;https://mercaldas.vtexassets.com/arquivos/ids/1334365/Servilleta-NUBE-cortada-x300-unds_124637.jpg?v=638618412408370000;;;;;;;;;;
SERVILLETAS RENDIPEL 300UD;3800;https://superdesechablesdelnorte.com/1447-medium_default/servilleta-partida-x-300-rendipel-.jpg;;;;;;;;;;
SERVILLETAS FAVORITA 300UD;4000;https://mercasur.com.co/rails/active_storage/representations/proxy/eyJfcmFpbHMiOnsiZGF0YSI6NDM3ODYyLCJwdXIiOiJibG9iX2lkIn19--8de3f4fd3f6e7eade29e16aeb786d83dac7c92d7/eyJfcmFpbHMiOnsiZGF0YSI6eyJmb3JtYXQiOiJqcGciLCJyZXNpemVfdG9fZml0IjpbODAwLDgwMF19LCJwdXIiOiJ2YXJpYXRpb24ifX0=--1420d7fd3d20057726f0ef3c0043db24ca0403be/7702120012682.jpg?locale=es;;;;;;;;;;
SkAP SERVILLETA CAFETERIA X100UD;1900;https://unibol.com.co/Pictures/x-large/Product/27/27-01.jpg;;;;;;;;;;
SERVILLETA FAMILI DISPENSAD 1A1 X150UD;2500;https://mercasur.com.co/rails/active_storage/representations/proxy/eyJfcmFpbHMiOnsiZGF0YSI6NDkzMzU4LCJwdXIiOiJibG9iX2lkIn19--9bf74c4d453fe9f71923085b63aa1b7fc66fa392/eyJfcmFpbHMiOnsiZGF0YSI6eyJmb3JtYXQiOiJQTkciLCJyZXNpemVfdG9fZml0IjpbODAwLDgwMF19LCJwdXIiOiJ2YXJpYXRpb24ifX0=--5bc749b878ff7aeaa8c5e47bd558bf4c834c3584/flia.PNG?locale=es;;;;;;;;;;
SERVILLETA NUBE 1a1 x150ud;2200;https://www.ecoplastcentro.com/fotos/21141.jpg;;;;;;;;;;
TOALLAS MANO MIA X 150UD;4400;https://desechablesbiodegradables.com.co/cdn/shop/products/1149036.jpg?v=1677510038;;;;;;;;;;
SERVILLETA ELITE X100UD;1600;https://www.elite.co/assets/uploads/images/9b7e6-doblada-en-2-grn-min.png;;;;;;;;;;
SERVILLETA FAMILIA PLUS 550 ;14700;https://familiainstitucional.com.ec/wp-content/uploads/2025/02/71245.png;;;;;;;;;;
SERVILLETA FAMILIA 45x100 PLUS  ;105200;https://prodiaseo.com/wp-content/uploads/2023/08/SERVILLETA-FAMILIA-PLUS-100.png;;;;;;;;;;
SERVILLETA SEDA MAX X330UD;3100;https://colombianatissue.com/wp-content/uploads/2022/12/servilletas-oscuritas-300x300.png;;;;;;;;;;
TOALLAS MANOS COLTISU X150UD;4900;https://http2.mlstatic.com/D_NQ_NP_867036-MCO43240236817_082020-O.webp;;;;;;;;;;
TOALLA COCINA NUBE X150H;4800;https://mercadomadrid.com.co/11847-superlarge_default_2x/toalla-cocina-nube-doble-hoja50hx1rollo.jpg;;;;;;;;;;
GORRO ORUGA  X 10 UD;2500;https://http2.mlstatic.com/D_NQ_NP_848290-MCO79750006823_102024-O.webp;;;;;;;;;;
GORRO MALLA NEGRA  X 10 UD;4300;https://i0.wp.com/plenix.cl/wp-content/uploads/2021/04/COFIA-NEGRA.webp?fit=247%2C185&ssl=1;;;;;;;;;;
GUANTES MANIPUL ECONO X100UD;2600;https://http2.mlstatic.com/D_NQ_NP_818095-MCO73180233707_112023-O.webp;;;;;;;;;;
GUANTE QUIRURGICO BLANCO;800;https://img.freepik.com/fotos-premium/mano-medico-blanco-guante-quirurgico-esterilizado-medicina_93675-25383.jpg;;;;;;;;;;
GUANTES VINILO DURA GLOVE;800;https://www.juvisaferretero.com/wp-content/uploads/2022/04/2217.png;;;;;;;;;;
GUANTES NITRILO NEGRO RINO;800;https://mfinsumos.com/wp-content/uploads/2023/02/WhatsApp-Image-2023-02-20-at-22.04.51-1.jpeg;;;;;;;;;;
GUANTE NITRILO NEGRO GRUESO HD LAR;2000;https://mfinsumos.com/wp-content/uploads/2023/02/59-1-247x247.png;;;;;;;;;;
GUANTES NITRILO AZUL HD GRUESO;1900;https://goworld.com.co/wp-content/uploads/2021/06/WhatsApp-Image-2022-02-11-at-2.04.25-PM-1.jpeg;;;;;;;;;;
GUANTES LATEX ETERNA;3100;https://centraldesuministrosgs.com/wp-content/uploads/2023/09/guante-todo-uso-eterna-central-de-suministrosgs.png;;;;;;;;;;
BATA DESECHABLE XUD;7900;https://www.aytexdotaciones.com.co/wp-content/uploads/2021/05/Batas-desechables.png;;;;;;;;;;
DELANTAL PLASTICO X12UD;6600;https://kuyk.com.co/wp-content/uploads/2023/04/8-delantal-plastico.jpg;;;;;;;;;;
ATOMIZADOR PET 150ML;2200;https://http2.mlstatic.com/D_NQ_NP_727402-MCO41849711529_052020-O.webp;;;;;;;;;;
PISTOLA PARA ATOMIZADOR PET;1300;https://drops.com.co/cdn/shop/products/ATOMIZADOR_358a4f0e-7c5d-4ba4-9ec5-1a0ba16ce7e4.png?v=1717770417&width=1445;;;;;;;;;;
ATOMIZADOR 500 ML + CREMERA X UD;3000;https://http2.mlstatic.com/D_NQ_NP_980569-MCO44107326150_112020-O.webp;;;;;;;;;;
ATOMIZADOR  PET  250ML;2500;https://esferos.com/cdn/shop/files/16672.jpg?v=1724879288;;;;;;;;;;
ATOMIZADOR PET X1000ML;6000;https://www.induenvaseslasamericas.com/wp-content/uploads/2021/12/Bala-1000ml.jpg;;;;;;;;;;
ENVASE PERSONAL 250ML XUD POR MAYOR;1000;https://lh5.googleusercontent.com/proxy/gtbCIAr-sXWiZE_04T6xCtwLevpMUTTWBD9oVpoxSyKjHfc2QqaeDDp21UYjc5cXopnX54NX3IfhaLUT4ZIudUA9tY8TjqluoLZSnGKsT6xuzUhnnyw2vkKgI9YHnqhdSIXf;;;;;;;;;;
ENVASE 1 LITRO X UD POR MAYOR;1500;https://plastivalle.com/wp-content/uploads/2022/11/garrafa-rect-1-litro.jpg;;;;;;;;;;
ENVASE 2 LITRO X UD POR MAYOR;1900;https://distrienvasesms.com/wp-content/uploads/JUGO-NATURAL-OPACO-X-2-LITROS.webp;;;;;;;;;;
ENVASE 4 LITRO X UD POR MAYOR;3300;https://tecnopres.com.co/wp-content/uploads/2021/04/Garrafa-4-Litros-Pead-Natural-D-E-2.jpg;;;;;;;;;;
PALO BOM BOM BUM XPAQUT;8700;https://http2.mlstatic.com/D_NQ_NP_780218-MLA82492135399_022025-O.webp;;;;;;;;;;
PAQUETE BASE HELADO SAN JERONIMO UD;600;https://tofuu.getjusto.com/orioneat-local/resized2/DBMpZuA3mQLzKfkRE-2400-x.webp;;;;;;;;;;
PALO HELADO 100UD;1700;https://http2.mlstatic.com/D_NQ_NP_967562-MCO70528836327_072023-O.webp;;;;;;;;;;
PALO PALETA 100UD;2000;https://http2.mlstatic.com/D_NQ_NP_920046-MCO51493545875_092022-O.webp;;;;;;;;;;
PALO BAJALEGUA 100UD;5300;https://http2.mlstatic.com/D_NQ_NP_921285-MCO72185688487_102023-O.webp;;;;;;;;;;
PALO PINCHO 20CM SOL;1900;https://encrypted-tbn0.gstatic.com/images?q=tbn:ANd9GcQUpKMVuhzMoiUCmeq4HWYnfhtrKNFQ44J6PA&s;;;;;;;;;;
PALO PINCHO 25CM EL SOL;2200;https://encrypted-tbn0.gstatic.com/images?q=tbn:ANd9GcTCwQXlFo2dFY4GrPmNIGMvZcJsuULhBlSM3g&s;;;;;;;;;;
PALO PINCHO 30CM X100UD;2600;https://repilos.com/wp-content/uploads/2020/09/pinchos30cm.jpg;;;;;;;;;;
PALO PINCHO 30CM GRUESO X100UD;3400;https://unionglobal.com.co/wp-content/uploads/2022/12/Pincho-grueso-de-Bam.png;;;;;;;;;;
PALO MEZCLADOR MEDIANO X 500UD;4300;https://superdesechablesdelnorte.com/1404-medium_default/mezclador-plano-madera-11-cm-el-sol-pq-x-500.jpg;;;;;;;;;;
PALO MEZCLADOR LARGO X 500UD;6000;https://mercaldas.vtexassets.com/arquivos/ids/1345910/Mezclador-EL-SOL-madera-plano-1-cm-x500-unds_133783.jpg.jpg?v=638802357352430000;;;;;;;;;;
MEZCLADOR REDONDOX1000UD EL SOL;11600;https://encrypted-tbn0.gstatic.com/images?q=tbn:ANd9GcT1kzDZOo19suhXzaK17oW9e795SweEC5QlFQ&s;;;;;;;;;;
MEZCLADOR PLAST X 300UD;1400;https://http2.mlstatic.com/D_NQ_NP_897508-MCO77416092817_072024-O.webp;;;;;;;;;;
PITILLOS PLAST X 500UD;2100;https://www.eje21.com.co/site/wp-content/uploads/2018/10/Pitillos.-Imagen-Mercado-Libre.jpg;;;;;;;;;;
PITILLO PLAST ENVOLTURA X 200UD;5000;https://licoresmedellin.com/cdn/shop/products/paquete-pitillo-plastico-empaque-individual-200-undpaquete-pitillo-plastico-empaque-individual-200-undlicores-medellinlicores-medellin-342518.jpg?v=1689093845&width=1024;;;;;;;;;;
PITILLO FLEXIBLE X200UD;5900;https://balloonsbogota.com/cdn/shop/files/PitilloDesechableMulticolorX20UnidadesdistribuidordesechablesmayoristabogotaTamidesechablesfiestadecoracionenvasesplasticosreciclable.jpg?v=1701529270;;;;;;;;;;
PITILLO BARVAL DELGADO X100UD;10800;https://mercaldas.vtexassets.com/arquivos/ids/1345896-800-auto?v=638799935813170000&width=800&height=auto&aspect=true;;;;;;;;;;
PITILLO BARVAL GRUESO X100UD;10500;https://ecocosta.com.co/wp-content/uploads/2020/06/BBF6281-320x320.jpg;;;;;;;;;;
PITILLO CUCHARA X 200UD;15400;https://evotiendas.com/wp-content/uploads/2024/09/P0776.jpg;;;;;;;;;;
PITILLO CHOLAO X 200UD;22200;https://jarabee.co/wp-content/uploads/2020/05/DSC_0714.jpg;;;;;;;;;;
PALILLOS DIENTES EL SOL DOBLEPUN X180UD;800;https://supertiendatuiran.com/wp-content/uploads/erp/productos/5010489/palilloelsol180u.jpg;;;;;;;;;;
PALILLOS INDIVI EL SOL X500UD;4500;https://empaquesmoleculares.com/wp-content/uploads/2024/07/PEI1-300x300.png;;;;;;;;;;
PALILLOS EXTRALARG EL SOL 125UD;1500;https://olimpica.vtexassets.com/arquivos/ids/719527/7707015506475.jpg?v=637756143093800000;;;;;;;;;;
SELLO PLUS 12OZ X20UD DARN;10800;https://cdn.ajoverdarnel.com/img/pf/D751200.jpg;;;;;;;;;;
SELLO PLUS 8 OZ X20UD DARN;8600;https://cdn.ajoverdarnel.com/img/pf/D750800.jpg;;;;;;;;;;
SELLO PLUS 8 tapa mediaOZ X20UD DARN;8600;https://cdn.ajoverdarnel.com/img/pf/D750800F.jpg;;;;;;;;;;
AIRPACK 1 LIBRA X20UD;16100;https://cdn.ajoverdarnel.com/img/pf/D7103200.jpg;;;;;;;;;;
AIRPACK 2 LIBRA X20UD;38400;https://cdn.ajoverdarnel.com/img/pf/D7106400.jpg;;;;;;;;;;
SELLO PLUS 8 OZ TAPA ALTA X20UD DARN;9400;https://cdn.ajoverdarnel.com/img/pf/D750800G.jpg;;;;;;;;;;
SELLO PLUS 12 OZ TAPA ALTA X20UD DARN;13100;https://cdn.ajoverdarnel.com/img/pf/D751200F.jpg;;;;;;;;;;
SELLO PLUS 24OZ X20UD DARN;18500;https://cdn.ajoverdarnel.com/img/pf/D752400.jpg;;;;;;;;;;
DOMO CANOA X10UD;6400;https://cdn.ajoverdarnel.com/img/pf/D78150700-2.jpg;;;;;;;;;;
DOMO DE BANDEJA ICOPOR N°1 X20UD;10400;https://cdn.ajoverdarnel.com/img/pf/D25010600.jpg;;;;;;;;;;
MINI PACK TAPA SEPARADA M X10UD;3600;https://cdn.ajoverdarnel.com/img/pf/DC07101700R.jpg;;;;;;;;;;
MINI PACK CUADRADO TAPA SEPARADA S X10UD;4700;https://cdn.ajoverdarnel.com/img/pf/DC07102000S.jpg;;;;;;;;;;
CONT OVALADO DOBLE USO X10UD;4100;https://cdn.ajoverdarnel.com/img/pf/D770800S.jpg;;;;;;;;;;
MINI PACK TAPA SEPARADA S X10UD;3000;https://cdn.ajoverdarnel.com/img/pf/DC07101200R.jpg;;;;;;;;;;
CUPCAKES & MUFFINS X 1 BASE 6CM X20UD;9200;https://cdn.ajoverdarnel.com/img/pf/D720VA100TA.jpg;;;;;;;;;;
CUPCAKES & MUFFINS X6;1600;https://cdn.ajoverdarnel.com/img/pf/D720VN600.jpg;;;;;;;;;;
BASE 17 DOMO 10 CIRCULAR DARN;1600;https://cdn.ajoverdarnel.com/img/pf/D101701D.jpg;;;;;;;;;;
BASE 22 DOMO 12 CIRCULAR DARN;2800;https://cdn.ajoverdarnel.com/img/pf/D102201D.jpg;;;;;;;;;;
BASE 28CM HONDA - DOMO 12CM X UD;3500;https://cdn.ajoverdarnel.com/img/pf/D102801D.jpg;;;;;;;;;;
"BASE CIRC ICOPOR ""BLONDA""13 X10UD";1400;https://cdn.ajoverdarnel.com/img/pf/D101301.jpg;;;;;;;;;;
"BASE CIRC ICOPOR ""BLONDA""15 X10UD";1600;https://cdn.ajoverdarnel.com/img/pf/D101501.jpg;;;;;;;;;;
"BASE CIRC ICOPOR ""BLONDA"" 22 X10UD";2800;https://cdn.ajoverdarnel.com/img/pf/D102101.jpg;;;;;;;;;;
"BASE CIRC ICOPOR ""BLONDA""24.5 X10UD";3600;https://cdn.ajoverdarnel.com/img/pf/D102401.jpg;;;;;;;;;;
"BASE CIRC ICOPOR ""BLONDA""30 X10UD";4600;https://cdn.ajoverdarnel.com/img/pf/D103001.jpg;;;;;;;;;;
"BASE CIRC ICOPOR ""BLONDA""31 X10UD";7100;https://cdn.ajoverdarnel.com/img/pf/D103101.jpg;;;;;;;;;;
BLONDA DORADA 9,5 XUD;150;https://encrypted-tbn0.gstatic.com/images?q=tbn:ANd9GcQMMWfsKoNammozPr6cjdH_f4Cws9s0twhytw&s;;;;;;;;;;
BLONDA DORADA 18 XUD;600;https://encrypted-tbn0.gstatic.com/images?q=tbn:ANd9GcQMMWfsKoNammozPr6cjdH_f4Cws9s0twhytw&s;;;;;;;;;;
BLONDA DORADA 22 XUD;900;https://encrypted-tbn0.gstatic.com/images?q=tbn:ANd9GcQMMWfsKoNammozPr6cjdH_f4Cws9s0twhytw&s;;;;;;;;;;
BLONDA DORADA 27 XUD;1500;https://encrypted-tbn0.gstatic.com/images?q=tbn:ANd9GcQMMWfsKoNammozPr6cjdH_f4Cws9s0twhytw&s;;;;;;;;;;
BLONDA DORADA 30 XUD;5500;https://encrypted-tbn0.gstatic.com/images?q=tbn:ANd9GcQMMWfsKoNammozPr6cjdH_f4Cws9s0twhytw&s;;;;;;;;;;
"BASE CIRC ICOPOR ""BLONDA""13 X10UD";1250;https://cdn.ajoverdarnel.com/img/pf/D101301.jpg;;;;;;;;;;
BASE 20.5 X12CM DOMO12 RECTANGULAR - MEDIO BRASO;1600;https://cdn.ajoverdarnel.com/img/pf/D002301D.jpg;;;;;;;;;;
BASE 34x14,5CM DOMO12 RECTANGULAR - BRASO COMP;3700;https://cdn.ajoverdarnel.com/img/pf/D004601D.jpg;;;;;;;;;;
BLONDA 59X37 XUD;2900;https://cdn.ajoverdarnel.com/img/pf/D0022001.jpg;;;;;;;;;;
"BASE CIRC ICOPOR ""BLONDA""42 XUD";1500;https://cdn.ajoverdarnel.com/img/pf/D104201.jpg;;;;;;;;;;
"BASE CIRC ICOPOR ""BLONDA""27 X10UD";4100;https://cdn.ajoverdarnel.com/img/pf/D102601.jpg;;;;;;;;;;
"BASE CIRC ICOPOR ""BLONDA""17 X10UD";1900;https://cdn.ajoverdarnel.com/img/pf/D101701.jpg;;;;;;;;;;
"BASE CIRC ICOPOR ""BLONDA""36 X10UD";8300;https://cdn.ajoverdarnel.com/img/pf/D103601.jpg;;;;;;;;;;
134 CAJA POSTRERA MINI;1000;C:\Users\57320\Desktop\icopor.com\catalogo virtual\catalogo-frontend\images\134 caja postrera mini.jpeg;;;;;;;;;;
135 CAJA GALLETERA PEQUE;1200;pendiente;;;;;;;;;;
131 caja cordon;3300;C:\Users\57320\Desktop\icopor.com\catalogo virtual\catalogo-frontend\images\131 caja cordon.jpeg;;;;;;;;;;
140 CAJA MULTIFUNCIONAL;1300;C:\Users\57320\Desktop\icopor.com\catalogo virtual\catalogo-frontend\images\140 caja multifuncional.jpeg;;;;;;;;;;
181 CAJA BOTELLA PEQUE;1800;C:\Users\57320\Desktop\icopor.com\catalogo virtual\catalogo-frontend\images\181 caja.jpeg;;;;;;;;;;
126 CAJA POSTRERA PEQUEÑA ;2300;C:\Users\57320\Desktop\icopor.com\catalogo virtual\catalogo-frontend\images\126 caja.jpeg;;;;;;;;;;
182 CAJA GALLETERA CHIP PEQUEÑA;1200;C:\Users\57320\Desktop\icopor.com\catalogo virtual\catalogo-frontend\images\182 caja.jpeg;;;;;;;;;;
115 CAJA BOLSA MINI CORAZON;1300;C:\Users\57320\Desktop\icopor.com\catalogo virtual\catalogo-frontend\images\caja mini corazon.jpeg;;;;;;;;;;
116 CAJA PLEGADIZA MINI CON VENTANA;900;C:\Users\57320\Desktop\icopor.com\catalogo virtual\catalogo-frontend\images\116 caja plegable mini.jpeg;;;;;;;;;;
107 LONCHERA PEQUEÑA;1800;https://http2.mlstatic.com/D_889034-MLA82006595004_022025-O.jpg;;;;;;;;;;
106 LONCHERA MEDIANA;1900;https://http2.mlstatic.com/D_889034-MLA82006595004_022025-O.jpg;;;;;;;;;;
185- CAJA CORAZON;4500;C:\Users\57320\Desktop\icopor.com\catalogo virtual\catalogo-frontend\images\caja corazon pequeña.jpeg;;;;;;;;;;
168-CAJA;3200;C:\Users\57320\Desktop\icopor.com\catalogo virtual\catalogo-frontend\images\168 caja.jpeg;;;;;;;;;;
166 CAJA;1700;C:\Users\57320\Desktop\icopor.com\catalogo virtual\catalogo-frontend\images\166 caja.jpeg;;;;;;;;;;
158-CAJA;3100;C:\Users\57320\Desktop\icopor.com\catalogo virtual\catalogo-frontend\images\158 caja.jpeg;;;;;;;;;;
139 CAJA GALLETERA;1700;C:\Users\57320\Desktop\icopor.com\catalogo virtual\catalogo-frontend\images\139 caja.jpeg;;;;;;;;;;
197 CAJA JOYERO;700;C:\Users\57320\Desktop\icopor.com\catalogo virtual\catalogo-frontend\images\197 caja.jpeg;;;;;;;;;;
156 CAJA GALLETERA MINI;850;C:\Users\57320\Desktop\icopor.com\catalogo virtual\catalogo-frontend\images\156 caja.jpeg;;;;;;;;;;
CAJA MEDIO BRAZO ;1000;https://cajasplecarton.com.co/wp-content/uploads/2022/08/Brazo-de-reina.jpg;;;;;;;;;;
212 CAJA POSTRERA LARGA;1700;C:\Users\57320\Desktop\icopor.com\catalogo virtual\catalogo-frontend\images\212 caja.jpeg;;;;;;;;;;
186 CAJA GRANDE;6800;C:\Users\57320\Desktop\icopor.com\catalogo virtual\catalogo-frontend\images\186 caja grande.jpeg;;;;;;;;;;
195 CAJA INFANTIL;6400;C:\Users\57320\Desktop\icopor.com\catalogo virtual\catalogo-frontend\images\195 caja infantil.jpeg;;;;;;;;;;
CAJA PARA ALIMENTOS 49OZ XUD;900;https://cdn.ajoverdarnel.com/img/pf/RPN02049101.jpg;;;;;;;;;;
CAJA PARA ALIMENTOS 66OZ XUD;900;https://cdn.ajoverdarnel.com/img/pf/RPN02066102X.jpg;;;;;;;;;;
BOLSA DOMICILIO #60X50UD;27600;https://lifepack.com.co/wp-content/uploads/2025/01/Lifepack-bolsadomicilio-1.png;;;;;;;;;;
BOLSA DOMICILIO #35X50UD;23900;https://lifepack.com.co/wp-content/uploads/2025/01/Lifepack-bolsadomicilio-1.png;;;;;;;;;;
CONO PORTA CREPES BLANCO XUD;1050;https://supermaterias.com/cdn/shop/files/Cono-crepa-blanco-concrepa_1050x700.jpg?v=1745872811;;;;;;;;;;
CAJA PULSERA XUD;2100;https://http2.mlstatic.com/D_NQ_NP_858066-MLC73338734873_122023-O.webp;;;;;;;;;;
CAJA RELOJ X UD;3500;https://www.anylandec.com/cdn/shop/files/image_31db925a-bfab-43df-b172-87e6e2266875.png?v=1687991135;;;;;;;;;;
CAJA ANILLO XUD;1400;"data:image/jpeg;base64,/9j/4AAQSkZJRgABAQAAAQABAAD/2wCEAAkGBxISEhUSEhMSFRUVFxUWFxcVGBUVFhgYFRYaFxcXFRgYHiggGBolHhUXITEhJSkrLi4uFx8zODMsNyktLisBCgoKDg0OGxAQGi0lICUtLSs1LS0vLy0tLS8vLS8tLS0tLS0tLS0tLS0vLS8tLS0tLS0tLS0tLS0tLS0tLS0tLf/AABEIAK8BIQMBIgACEQEDEQH/xAAcAAABBQEBAQAAAAAAAAAAAAAAAQMEBQYCBwj/xABEEAABAwIDAgsEBgoCAgMAAAABAAIRAyEEEjFBUQUGEyJhcYGRobHwBzLB0RRCUlOS4RUjVGJygpOisvFjczM0FiRD/8QAGwEAAQUBAQAAAAAAAAAAAAAAAAECAwQFBgf/xAA5EQACAQIDAwcJCAMAAAAAAAAAAQIDEQQSIQUxURMUMkFhcfAiUlOBkaGx0eEGFSMzNJLB8UJDcv/aAAwDAQACEQMRAD8A9xQhCAPD+N/HfG0MRW5OscgquaG7oHlZULPadjxfl3dwPmFB48Pl9U/87z3EhZEuVFXd9WdhWjToOMFCPRW9Lgb0e0zH/fO8E432n8IfenuavPRUS8sjLLiyLlqT3wj+1fI9CPtRx/3p7m/JA9qGP+9Pc35Lz8VV0KiS0uL9o5Tov/CP7Uegj2p4/wC8/tb8l0Patj/vB+Fq8+zIzI8rixb0vRx/aj0Me1fHfbb+Bqcb7WMd9th/kavOMyJR5XFi/g+jj+1HpI9rmN30/wAATjPa9jNvJH+SPivM5S5kXlxYZaD/ANUfYeoN9sGL+zR/CfmnqftixG2nRPY4fFeUZ0ocjNPzmHJYZ76UfHrPXme2KttoUT2uCseDfa0XkZsMIm5Y+/YHC68SlaHiqed2ny/JJylRdZJSwODrNp00tHub+Z9OscCARoQCO1dJjBtimwbmtHcE+tA41qzBIhBMIEFSFQa/DOGYYdXotO4vbPYJlQMVxuwjB75d1NPgXQEjaRLChUnpGLfqL5CwXCPtGaLUmN63OJ/taI/uWP4S48Y2pZ1UsYbTRbyYEn60kuiOlQyrxiaFHY2KqatZV2ntqj4nG06d6j2N/iIC8Tw3D2JIqM+kVQW5jGcuzBvvAdQBNunclfgKj+c+pMzt+PemLEqXRRbhsK0rVaiXcj1HHcdMHT+vnP7onzVHifaUzSnQc7+J0eQKyVHgpu2T8/QPcngyjTiSwEm2ZwBOthJ6fBNdaZchszBQ6nJ+z4Hq/A2O5eiyrly5hJbMwZg326KaVnuJFaaBZtY8jsdzh5nuWiVqDukzmcTTVOrKK3JiJUITiEAkCVCABCEIAEIQgD5f47O59T/sqH+5Yo1FseO7rv8A4n/5LFFVaCun3nRbbqyjVil5qOuVKTlSuEisZUYfLz4jnKldCsUylRlQcvPiPiuV1y5UdKkyIesVVXWPfSCl+klR0qTJEdzurxH/AKUUfSSmEqOTiHO6vEe+lFL9KKMNgqlT3GOd1C3forjC8VqpvUcxnR77u4W8U1qC3lqjzyt0E36ipGKK2HE8y5p6UzQ4tYdl3F9TrOUdzb+KmMxDaRHJMDGCBYXnoJv4qvVcH0ToNm4bFU5OVa2qaPo6pjaVNoNSoxlh7zgNnSqXHcecDTtyuc7mAnx0XktDDGoMxcTO3WVMp8FsGt922R2dik5aT3Ipx2JhoP8AFm33K3zNdjvaaIijQPQXn4BYzGY/EYh5dUD6hP3jnOb2U5FMdjVY0sM0EADWB4X7YI7k+Gidl5M+AkbCmtye9lqnSwtB/h09eL1KmlhMQbZuTbubDR3NT1PgUTz3E63mepWNSo1t5Am1zEgC199h3da6ZUlvNgjZu3D4JuVEzxNS3kqy7ER6PBdNsnKDAtN7pvhfA56D2tAEtMQNvvD4hTxZtjt+Fz1yUjt24fOfilsiHlJt3bM3QqNc2nWcTzwHPIGUi5a6CNbCe0ytDSYGgtAIyOcy5BgMOUA77AHtWew7Mgq0yXfqqgLBbKGVpdJ3GcvoqY7hFtJj3yDLA8788lhBE20ZHQQq0Hlm0TTTkk13fyvcQuFeFnGsKTCQGXeQdkWHVcKg4QeXVTDpvYweduPOEqRh5LXVXTmqEud0Nm2tyCp3A3B5dmrPacosDNsxbY7thPgopzu2XoqNOCZvPZrwtydR1GqYzNphpO1wAgf3eS9NXjHAJHLUS7Mcr2Oe4xoI1/tPVC9nV/BTbhZ9RyG26ajXzr/JAhCFcMcEIQgAQhCABI/QpVxWPNPUfJAq3nyvxvdOc/vO/wA1kStXxs0PWf8AJZQqthui+83Nv/qF/wAo5KEIVgwxF0EiUIAVCuOLXAL8XUyA5WtgudGYidABtJg6kAAE9B3XAnEfCuhpZncRI5R9YueC4gGmylkkW1MdGbVJcVJnloSwvfafEDB5A4twYicwNN5dJ0ZziXA2N9s6WvW472cUAGudSY1rjGZrcQ06E/8AjbUvMawI3HUKFjx7g3AmtUDBInU6wAtdg+BaNO+UE73c4/kpDuBKVCo80nEFoALc4eHB1wd7TY2JJjUCU8GT671VrSd7HW7Bw1F0nUlFOV+vX2Dhe0CAD5Jt9adICBShd5Aq50egwWnpRUZLSBoJ9et6ePoIn1pbr6kDZE7iniZBYdQZG3XatIB8Im2/8+5YjgepyeIjYTHYfXgttym+5vs2nZ03CfTehlYuNp34jGIq5RO6YHroVI3jC3PBteJ9dXrVTOGg4tOXTo36W6dFgsWCHGbJJSaYtOEcmZmqx+INV+ZuYtYABcgaTa4vPkrTAVMrenW5md/UbLEYd7g0FtjJurDBcKmmYJBaeuB3iWnpHiqs1Ju6LTinBRN1ha4IvuzQd2pjw8U/TbPj2eifDoWbo4zM05CTTkTMEtdG8b76ROmwK9pYskNz6u91wMtd1Ro64kGIU1Kum8st5n1qLhqVnCuHAxDCcxFVpYcpjntM0+u5Njbmi41VJwzWa9jKQEOe8HNH1RPNnrMx1K+4yTyWe80nMe3s1GzQSqrEAOqwzLMkgu+q17ZE7PdIHam1vJlcnw6zRs/Fv7OaWBL3wCCxjWkmNG25ptc79RsWmcW2ZJFPVrRGxoaY3kwLnSd0qNRyNAay1MNaDskzYv33d2W3SpFUvEFmTKJANQ5dQJgRebbbaGICqJZmR1audq+nDxxHMPQDQRqdvTIXqPAuK5WhTftLRPWLHxBXkz8xLs1YxHNDGgTYZbl0g69HSVq/ZxjRnq0ed7rHjM8vkyQ6LCLkLTw9SKllRlbToupRz+b/ACbxCEK+c2CEIQAIQhAAmsUeY7+F3knVH4QP6qp/A7/EpGLHej5Y41nm9vxCyq1PGk809fxWWKr4bo+s3PtB+qXchEiUpFYMMUJQF3RolxDWgknQDVarAYcYJwyMFbFx7sB7KZDybwbnKwW/fN7JG7DowubH2ecCVKNEtfRl1XO5ziQBRgBgDib5pa4W0J2qZwJjaDar3U2PD/dbEk5me4IB90iANyk8Wq76jaL6/wCtqvAl1R0U2vfWeXEAmHP1gACzYmNI1Li5jKtdrnNMuIzu5oeaeaA/LIm23bZEdbj75TTYTjGKNNr+TNVzpyOHOIcbQTAtqYF+ndC4X4Rr5S51UlxGdtMm2bYAPq6mBuBS8DcXGE5fpLgC5zmgC7hS1tPNnZrOsbEtTgKliqj38u/lHZyMjg45hFqg+rqANLCycglozAYmaxFWq6kwlsNMhhimJzcxpJBcDr9raBCeabKfxk4ouwtJ+K5ak6CaeQtuCWznuTcZSYjZtlVmHd+rZzcstFjs2bugKpiN502wKms4eNDonULklIlKrnTMUaeu5IfXrekJG3Z3evmkoS8nJeBJgjQ6anU2tqZSXGyaSuyFiyWvDh6IK32FfnY18xIDj22E9xWO4SwTmsDnw245pmTcB0GMpIm94E6zZT+AMbmDWco4CG2abAzzi4QMwIgAB0gzdEZJXZn4hxqLydWuw0BbIOt7jq2eRv0hUXC+AoPnM5jTpY7dYO3TyKs+Sp3lpcXakuBNyToRzddh3zKG1C0iAGGTdgDRduU829oHah1b9RXgpLd4+JjanBFak4taM7DqHAs2ZpGaLxB7UtHCNdJD3Nt9mTcaGDN+o9q2ApEuDmg5spDT7vNneNknxhQsTwUx7iHgNcA/nCSeYCXAZJnSLdSjbuSwqZbpvx2f0ZTAYvkXgVGuynVvu+OxaR9YNsDIMASNp2SLE6KuxeHyCz2VhBsYLxLdA4TaHRJAuonBnCpvTo8oC8FpbqXZrRIiN6SUL6j1VT0uTsfj2jmPl78sl4kEAiDNyBGvb0QpHBlOXCBA0lpsdLu2OG/TXoVtg+CWU21A9rXVKkSHc4NGsXO/Yb+9pqqxzDh38k0EhwBbMw0yQRO4T2ZuiFE5KS0GwqXui6Y4VIaw31dcQCDqTuABKWq1oJD69OY2OzEwLAxe+g+K7wFECm79W82GeoC6N+sEC97ib66J/CtY1xytgOGYSZuDDjMCxnQzpqlpWbsV3N3aXV3EKm0m7adRx150MbG/XMQOiJ89HxIa9uLBIpsaQ8QMznG0wXGLW3bO1RLDrJ8r/FPYLEcm9lS4yvaeyb+BPersKajJMgxEnUpyjxTPUEJGlKtA5AEIQgAQhCABROF3RQqndTqf4lS1X8YDGFrn/iqf4FJLcySkrziu1Hy7xn0PX8VmCtJxlNv5vis2Sq+G6Bs/aD9X6kCREpCrBhmj4rEMZXqQCQKbJMWDy7MRNs0NsDZSv08yg3LSYzMYJeQ7VpzBwEyH6X05o6ZqOBOEKdIVBUbmDgC0RLc7c2UuG0c7RXVHjJhGggUIkFoORhIEhzHdLmmRBsQZ1Ubi7lmE0oWTRsOKnCmfCUaz3TkLswddvNrOJJAHvHNTAk/WjQkq5q8ejRqtbTZnysfmGjmkOdkY4i5ZBpuJ6gIhZLC8ccFUY6m8GkXNe4OyNytqaRAF8zcozEWIBO9MYtzarmPY9sy0klxpANBEtJIGY6ARaM03iHaoZFq+upfUuMeJFdtV7GU2VWtp2GVoB1ewNvItJJJ1FgYW9fwNSa5lOpV5OOfDQ1rXby2oBD29DrxuN148S7knEV3AtcIl1PM7OAQGtLjzRDpcdrmiyMXWL+UD8S54bdoNYAGAYZTE/vCT+6YSqVh1RqcrpWLbjvxg+kVqmGYWGiwuLXCQTlBbJcYDhDnEATsvcgU3BVVt2CRlykSZPObNz1yolfH0KbTzufJdYSSXRpI5sCRMnXQJri7wtmqOMDNIcJAMRsG0aDQiL71WrdFs2Nk1MleKW93XeXzGuMwNNZIbtjVx0nbsXbabdXVAARIiXHSxMA7bQQDtsLriaj5EugidS1kagAaRckAazZcGmGxnc3UghrmvNoNiwnWTfS202VHM2dTKXVKduxas7FVgiGZiHEy8zaxnmxzrWOgB0m6cONqvdLSQ4yAGZgL+8BJndN0y7EMH/jpze5qGQQDYNAAIm0z06JHY2s6BnLWgRDbCBoPFJlb3hZb4wv2yHTg3ZCH5WNOVvOIFnAkOgTzbH4BROAAA9oGZ5Ny1lnNaBJ97muduvs2pW0RqRJ6bnsldcH1RSrscJ9dfVHYnqNlYbUjUk8zfqRq306hILaVNsASHOLhY30Op7NNN7jMPXDS01GtDhcMZredTN7D5KbT037RsmPzHj1oiDPoEbuiVOqUTHc3ufj2kb6CPrPqO94EZoHOmTzQJBjQrqph6YJcWgnaXXcbQJLrmCE44u10t3xs6RbxWQ4zcMuByMkDedfy3pzyxQsISm9GN8YOGOUIpUdDu2yrTgDgRtBuZ08q4NcIjm31kiB5mRoFXcUm0Pfe0vfJhm3Sx6BNpF72WppWItJkGDMETe+pm9526qjVm5OxZmlFWj48dZ3h25YyhpNzB51wLZvkd3VNNw/gyIrZ3tDXNa4NLQMhcGkgFtjzgVomsNzPOOpMQNdBFh0JrhPDcpTez7TS3tIgefgp6dFJa7ysqjUjMMr12gkVGwGjUc4yRABAgm8aBaHg6hUBD3RBbB+0PrRuO2/UqDguvnLTZlmtJ94BwAa4kOEHaT0ytVhmgDICXcnzJNpy2HbHfKZShHNuJ68rWst6HMp377dJvsSZQDB2evl3pXDXo7fR+aVgPmL39WlWysmeicAYjlMPTdMmMp6280+SsFl+I1fmPpk3aQ7scIPi0961Ctwd4nL4qnydaUe0EIQnEAIQhAAq3jJ/6mI/6qn+JVkq7jF/6uI/6av8AgUktzJaP5ke9fE+WuMxt/N8VmytFxlPms8oMN0DW2+74t9yOUqVIpzEOSlCQoQB2E83FPGh8BPfEpgIQKSPplT7bu8rh1Zx1cT1mU0ChFhbsWVL4KxPJ1GutfmmQCIO2Du1UNCRxurElObhNTXVqegFpIklx33iZAGg6AAuWtHUuMBWz02O2loPgnTuWXY9LpZXFSitGhY7/AEER69bV1HrxSkRbs+KUeDD/ALUbGahw2G3X8dikNKbxTCWnv7ejv8EPcMnuubjg6rnpsffSekECT5eoT8bO3yNo2Hmqj4pVy6nAN2mOw3b5ET8lf2vqJsBt/wBifBTx1RgVo5ZtHMzvgWv2X8AqThngQVWm3OEmRt6uwjuKvBU2HpHfbut5dAXWbcOkdt++8dncrVxkakobjKcBcXqjCSTlf9XbvFxtG8bhvWnzGJecznXJi2ywGwDSN2icqNEW2z1C0C3Ye5ctbOs6kkdPoG6aqcb3EdRyep2Tf0T49XiunA6C0XHn6Cbpsm5JECTt3RqN8d6dYJuDujqBBCeNMniKRZVrUR7oeawNtHANJtfUkR+70K54NrAyLS5oOsmWHIbbOblI6I6VX8P0A2rSfpn/AFLjJAGa7SYOg5ye4JqwAI+u0OdBmHNfEECwkDvO5Vn5NQuPyqN+BeuFrdJG+dduuq5a6J9aXRm7Ne/b8e5K8qwysi44q4oNxLW7Hgs7feHkVvV5Vh6uRzam1jmut+6QT2FepseCARobhT0XpYxdq07TU+K+B0hCFMZQIQhAAq7jEf8A6uI/6av+BViqnjZUy4OuTtpuH4rDzTZdFktBXqxXavifLXGXWOk+aoVfcZjJnpPmqFQ4foGptz9ZL1CISlIpzHESJShAAEqEqBQSJUFAHKUIQgDUcXqxNKB9R0d8EeatG1is/wAVavPcz7QB7loalGNL/BZteLU3Y9C2NXVXCQvvWnsH2vkds/kuSPBMsdBhPkefX1JqdzSkrCn8j2IeLEX/AD3et6Vck2nwSjJLQmcTa0VHMJ1Gu46E93ktrTO223pvr5ntiF5zwXW5OuzcTB7bE+JHYvQaPu7Tpeddt+zw7k+k9LGLjI+VcR1OS2J84/1Pra5BF7AHdPfHz+a5LTe5Bjz3nqGvXtlcCpadNNdBF+7b0X6VKUt49UaJAGgtr3+LfJcvIIk+Q26nz9QVw0TEyejaSTEDdf0E5MnZrqNJ+Vh6IQNtY5pkgGRtE90/n2pxsWtpt7fK49SuYFhoLHxt4iO5AO3ffq6uj5IHEDjJhxUw9TL7zYeNSZaQ6R2AqowRPNyF5LmggMiXHJma0zAIkgHfBWkfSzDdMz3fJZPAvDGimDz6T6jNL5WuBaSR1np+EFdbmW8O2048TXCmTsiRMaRYmPFLMmLeGii8FVDk50jWJMmDoZ27R2KURF7d3cpU7q5BqD3bAfj3r0HivieUw1MnVoyHrYY8oXn7Y2z471qeIleOVpdIqDtGV3kO9S0naRR2lTzUL8Hf+DWoQhWTnQQhCABZv2hVcuCqXjMWCT/FPwWkVLxywgq4Os0iYbm/Df5ps1eLLGEko14N8V8T5j4xUHOjK0ugmconyVGcHU+7f+F3yXoFbg9kky4dqbPB4+27wVKnUlBWsdXjdmUsVVdRyab7DAGg/wCy7uKbLDuPcvQjgv33Lg4M/bcpOcS4FN7Bp9VR+z6nn5CF6AcGftHwXP0Q/b8Ec4fAb9wR9J7vqYEJVvDhD9rwSfRXfa8Ec4fmh9wL0vu+phJQt39Fd9rwCT6M77XgEc4fAPuBek931MLlO4pch3HuK3BwzvtpPorvt+COcS80X7gj6T3fUynBFTJWYemO+3xW1aPXh661EODd9oKcLeuhQ1J53ext7MwnNYOClfW+6wy6ju7k622vaF2ToPXrVN5lGlY1G77xx+/emyfn68O9KOjqCRxt69aJRrINQQ4O3EevW9egYGvmY0zqB1369srA4v3e1ari1XzUgDaJ+d/BLDRmdjIeTfgX7yI7p2axb1vXAEiRujp0g9oAP4T0rljjMzvnoOnft9SjlNnjtHVtixHb1KYyrDjCRcCYBndYWJO7T52K5Nx2bRrAuPGOzuQbYBkwB5+vkQhg7gLbdbfHtSiWHaLybzpM/wCuq6Rh1i0/C+zXT1BCSbW3g+vH0F0XW0M7O+3kR1BAgpcZER6E/JZXhDMzFPaHECo0VI2Oczmnubfr61phqTbfv6ujcs7xw5vI159x+XX6rxfyCZUjeJPSdpE3gl0RsBzAmZvOcQNnvPnrarp4MRPqVnMJzHXdGUhwJs0wJ27xbqcVoGumDuUdJ6WJK0bTFcLa7vD/AGe9WPFjFZMVTM2eCw/zCR4gKuc2ya5QtyuGrSHDrBkKZOzuRTp8pBw4po9dQmsLWD2NeNHNDh2iU6rpx7VtAQhCBAUbhOjno1WfaY9v4mkfFSUhCBU7O58+Y+nDj3qLKt+M9AMr1WjRj3Mvsg2VKXLOsegweaKfFCulEpovXBqIJLDxcucyZNYb1w6uN4QLYkEpMyjHEDeEhxA3pBbEouXJcoxrjeEhrjegLEqUAqIa43hHLjeEC2Jcpxg+SgDEDepGFqzIsdD2aFIx9PSRIcm3Bd6eum/kuCfXrqSFgQFdPv3Lk9fope/1/tAg1V0iB53HoKy4pVhLm9vdF/KejxrqmnX4dPijgSplrAWE7+m9/W1JezK1eN00bzNEjz3TI7R5C/RwCdd5/Mnttbp6ZTYdbpFt9zPhYd+6x7y9JmND4i23Q/mCrBjNWHab+uI9X6JsnKwEEbZv1Db3FMMdAGsGT66b+tvWYz56de3oHraDWjnM7tPhOltl59RDnKfnPhca9fR0LlwmLdHXv+aUT0de3/dilCxzmgjoPgPQ6o7TB4w4TlMO9ojSRbQi+mzYpnLAWJ9dHfs2dkx8Rj6bPrDaIiT3evJIySEJN6IoeBXh1Ok8nWxOsFpgz5rT0nCLTYxfURa56YmepYH6RAcylN6r8gAMQ6NN5kAR816NwVxIxmJYH1XNw7HAcy5fAAEuA0sBqZUNOLzOxJiKtOCjKrK2/wBxCxHCNJk5nX3a+tveoNThwExTY5xOyJ7AAvQuDvZxg6d6mesf3jAt0NjxK0+C4Mo0RFKlTZ/C0DvO1WVRk9+hmz2vh4flxcn26IpeIFeq7CgVqb6Za5waHgtJaecDBvFyOxaVCFZirKxz9apylRzta7vYEIQlIgQhCAIeI4Jw9Qlz6NJ5OpcxrieskXTP/wAfwn7Lh/6VP5KyQksh/KTXWys/+PYP9lw39Kn8ko4v4T9lw39Kn8lZIRZByk+LK8cB4X9mw/8ASp/JL+hMN+z0P6dP5KehFkJnlxZB/Q2G+4of02fJKOCMP9xR/ps+SmoRZBnlxIf6Lofc0fwM+SX9F0PuaX4GfJS0Isgzy4kT9GUPuaX4G/JL+jaP3VL8DfkpSEWQZ5cSN+j6P3VP8Dfks9x+4JY/A1SxjQ5mWoCGgGGuBdp+7mWqTWJoB7HMOjmlp6nCD5pJK6sS0K0qdSM77mmfN7vyTZKkY6gadR9MzLHOYf5DBUbpWaemRakroEo2Lgm67AIF/WxACVXH1bpUWmSKgixO/SxnzGvapZHioOJGhukZFUWhvKNQObNptr37PXhLzXjbMaWjTXbt2x19tZgsS3IC6B8Y+NvRhNVuGqbNJdE6dF5B2bVMnoZToycnZF4HSOnf1T+foGG3vAvNhGuovv8ALqGllT4H6ZijGGovI3hthf7R5o0B7O/ScHezLFVb4qu1g2tbL3a9jR4pVd7kQVZUaP5s0uzeylq8MU2aGTuG/TZoIPh0JvD1cViObh6D3dIE7Np0G+69P4K4hYGhB5LlHDbV5/c33fBaWnTDRDQABoAIHcpY0ZPezOq7YpR/KhftfyPJ8N7PsfVvVfTpjWC4kjsYIO/VXOC9llH/APavUcNraYFIHrN3dxC9BSqVUooz621cTU0zWXBaFNwRxXweFA5GgxpbYOIzOHU50lXCVCekluKEpyk7ydwQhCUaCEIQAIQhAAhCEACEIQAIQhAAhCEACEIQAIQhAAhCEACEIQB4b7ScFyWOqnQVMtQfzC/9wKy8+vXWvYvaXxYqYpjK1AA1KcgtJAzMO4m0g+ZWLwfs6x9SC4U6YN+c8E/2yqNSm8zsjutn7Uw/NIcpNJpW9hkSUct1dpXpGD9kn32J7GMv3uPwWg4P9muAp+8x9U/8jrdzYCFQmxtbb+Fj0bv1fM8TNckwLk6ACZlW+A4p43EiGYaoJIhzxybe93wXvWA4JoUBFKjTp/wtAPfqpkKRYbizLrfaKb0pwS79Tyjgz2U1XQcTXYwW5lIFx/EYA7itlwRxEwGHgiiHuH1qvPM74Nh2BaZCmjShHqMmvtLE1ulN24LRe45awAQAABoBoukIUhRBIlQgASJUIARKhCABCEIAEIQgAQhCAP/Z";;;;;;;;;;
CAJA PIRAMIDE XUD;400;C:\Users\57320\Desktop\icopor.com\catalogo virtual\catalogo-frontend\images\caja piramide.jpeg;;;;;;;;;;
KRAF DECO#2;900;C:\Users\57320\Desktop\icopor.com\catalogo virtual\catalogo-frontend\images\deco#2.jpeg;;;;;;;;;;
KRAF DECO#3;1200;C:\Users\57320\Desktop\icopor.com\catalogo virtual\catalogo-frontend\images\deco #3.jpeg;;;;;;;;;;
KRAF DECO#5;1600;C:\Users\57320\Desktop\icopor.com\catalogo virtual\catalogo-frontend\images\deco#5.jpeg;;;;;;;;;;
KRAF DECO#6;2700;C:\Users\57320\Desktop\icopor.com\catalogo virtual\catalogo-frontend\images\deco #6.jpeg;;;;;;;;;;
KRAF CORDON#4;1400;C:\Users\57320\Desktop\icopor.com\catalogo virtual\catalogo-frontend\images\kraft cordon#6.jpeg;;;;;;;;;;
KRAF CORDON#5;1600;C:\Users\57320\Desktop\icopor.com\catalogo virtual\catalogo-frontend\images\kraft cordon#6.jpeg;;;;;;;;;;
KRAF CORDON#6;2000;C:\Users\57320\Desktop\icopor.com\catalogo virtual\catalogo-frontend\images\kraft cordon#6.jpeg;;;;;;;;;;
CONTENE 4 DIVISION NEG+TAP;3600;https://cdn.ajoverdarnel.com/img/pf/D152505499N.jpg;;;;;;;;;;
CONTENE 4 DIVISION TRANSPARENTE + TAP;4000;https://cdn.ajoverdarnel.com/img/pf/D152505400N.jpg;;;;;;;;;;
CONTEN TRIANGULAR N°5 X20UD DARNEL;7600;https://cdn.ajoverdarnel.com/img/pf/D76110500-5.jpg;;;;;;;;;;
CONTENEDOR DELIPRO 3OZ X25UD;4200;https://cdn.ajoverdarnel.com/img/pf/DP73S00302.jpg;;;;;;;;;;
CONTEN 8OZ TAP ICOP X20UD DARN;8500;https://cdn.ajoverdarnel.com/img/pf/D7000801NL.jpg;;;;;;;;;;
CONTENEDOR 12OZ X20UD DARN;7600;https://cdn.ajoverdarnel.com/img/pf/D701201NSE.jpg;;;;;;;;;;
CONTE 16OZ TAPLAST DARN;7400;https://cdn.ajoverdarnel.com/img/pf/D701601NL.jpg;;;;;;;;;;
CONTE 16OZ TAPA ICOP X20UD DARN;7500;https://cdn.ajoverdarnel.com/img/pf/D701601NLS4.jpg;;;;;;;;;;
CONTE 16OZ WAU ICOP X20UD DARN;5600;https://www.ecoplastcentro.com/fotos/632.jpg;;;;;;;;;;
CONTENEDOR 12OZ X50paq DARN;143600;https://cdn.ajoverdarnel.com/img/pf/D701201NSE.jpg;;;;;;;;;;
CONTENED 24OZ ICOP X20UD;8900;https://cdn.ajoverdarnel.com/img/pf/D702401LSE4.jpg;;;;;;;;;;
CONT DELI PRO TOGO 8OZ 25UD;10500;https://cdn.ajoverdarnel.com/img/pf/DP73M00802.jpg;;;;;;;;;;
CONT DELI PRO TOGO 16OZ 25UD;13300;https://cdn.ajoverdarnel.com/img/pf/DP7301602.jpg;;;;;;;;;;
CONT DELI PRO TOGO 24OZ 25UD;16800;https://cdn.ajoverdarnel.com/img/pf/DP7302402.jpg;;;;;;;;;;
CONT DELI PRO TOGO 32OZ 25UD;19400;https://cdn.ajoverdarnel.com/img/pf/DP7303202.jpg;;;;;;;;;;
CONT DELI PRO TOGO 12OZ 25UD M;7000;https://cdn.ajoverdarnel.com/img/pf/DP73M01202.jpg;;;;;;;;;;
CONT DELI PRO TOGO 8OZ 25UD pequeño;5800;https://cdn.ajoverdarnel.com/img/pf/DP73M00802.jpg;;;;;;;;;;
CONT DELI PRO TOGO 6OZ 25UD ;5500;https://cdn.ajoverdarnel.com/img/pf/DP73M00602.jpg;;;;;;;;;;
BOWL 26OZ X50UD;25700;https://superdesechablesdelnorte.com/1236-medium_default/bowl-bioform-latidos-26-oz-pqx50-.jpg;;;;;;;;;;
TAPA BOWL 26OZ X50UD;20300;https://fonina.co/3541-large_default/tapa-bowl-26-y-32-oz-paq-x50-und-bioform.jpg;;;;;;;;;;
MOLDE 030 X1UD;2200;https://panchiscakes.com/wp-content/uploads/2021/12/Q506400-2.jpg;;;;;;;;;;
MOLDE 050 X1UD;6300;https://panchiscakes.com/wp-content/uploads/2021/12/Q506400-2.jpg;;;;;;;;;;
MOLDE 060 X1UD;7100;https://encrypted-tbn0.gstatic.com/images?q=tbn:ANd9GcRE4Km43lwGHh3NxeJJKBtF4n_n9inIhGCoKQ&s;;;;;;;;;;
MOLDE TORTA PEQ X1UD;1000;https://cdn.ajoverdarnel.com/darnelshop/darnel/600x600/Q504500S.jpg;;;;;;;;;;
MOLDE TORTA MED X1UD;1000;https://cdn.ajoverdarnel.com/darnelshop/darnel/600x600/Q504500S.jpg;;;;;;;;;;
MOLDE LECHE ASADA X10UD;1600;https://cdn.ajoverdarnel.com/darnelshop/darnel/600x600/Q510135RSTY.jpg;;;;;;;;;;
TAPA PLASTICA MOLDE LECHES ASADA  X10UD;1000;https://cdn.ajoverdarnel.com/darnelshop/darnel/600x600/Q510135RY.jpg;;;;;;;;;;
TAPA PLAST MOLDE LASAGNA 03 X20UD;7900;https://cdn.ajoverdarnel.com/darnelshop/darnel/600x600/D001500T.jpg;;;;;;;;;;
MOLDE 031 LASAGNA X 20;5100;https://cdn.ajoverdarnel.com/img/pf/Q511600-2.jpg;;;;;;;;;;
MOLDE 051 X 20UD;8900;https://cdn.ajoverdarnel.com/img/pf/Q512800-2.jpg;;;;;;;;;;
MOLDE 041 LASAGNA MEDIO X20UD;7500;https://cdn.ajoverdarnel.com/img/pf/Q542400-2.jpg;;;;;;;;;;
MOLDE 021 JUNIOR X20 UD;3500;https://cdn.ajoverdarnel.com/img/pf/Q500800-2.jpg;;;;;;;;;;
TAPA PARA MOLDE ALUMINIO MEDIANO;750;https://cdn.ajoverdarnel.com/darnelshop/darnel/600x600/Q504500S.jpg;;;;;;;;;;
MOLDE PARA CHOCOLATES PLASTICO XUD;2400;https://coopasan.com.co/rails/active_storage/representations/proxy/eyJfcmFpbHMiOnsiZGF0YSI6MjE5MzI3OCwicHVyIjoiYmxvYl9pZCJ9fQ==--df723c76f19fddcdc08a3720de41c333b0141035/eyJfcmFpbHMiOnsiZGF0YSI6eyJmb3JtYXQiOiJwbmciLCJyZXNpemVfdG9fZml0IjpbODAwLDgwMF19LCJwdXIiOiJ2YXJpYXRpb24ifX0=--cef66509c9cdc75663c0eefd9421db1d2ea4fead/Dise%C3%B1o%20sin%20t%C3%ADtulo%20(98).png?locale=es;;;;;;;;;;
MOLDE HELADO S X12UD;5300;https://http2.mlstatic.com/D_NQ_NP_880186-MCO79497308239_092024-O.webp;;;;;;;;;;
MOLDE HELADO L X12UD;6800;https://http2.mlstatic.com/D_NQ_NP_880186-MCO79497308239_092024-O.webp;;;;;;;;;;
MOLDE 045 X1UD;2500;https://cdn.ajoverdarnel.com/darnelshop/darnel/600x600/Q512000RSTY.jpg;;;;;;;;;;
MOLDE PROTECTOR DE ESTUFA XUD;3500;https://http2.mlstatic.com/D_NQ_NP_770318-MCO78596441199_082024-O.webp;;;;;;;;;;
VASO CART 4 OZ BARVAL BLANCO  X50UD;5700;https://http2.mlstatic.com/D_NQ_NP_864372-MCO70754794228_072023-O.webp;;;;;;;;;;
VASO CART 4 OZ  X50UD;3400;https://http2.mlstatic.com/D_NQ_NP_622448-MCO72489959470_102023-O.webp;;;;;;;;;;
VASO CART 5OZ X50UD;4100;https://qicheng.com.co/wp-content/uploads/2024/07/greta.png;;;;;;;;;;
VASO CART 5OZ X50UD blnaco;3900;https://cdn1.totalcommerce.cloud/casalimpia/product-thumb/es/vaso-4-onz-carton-x-50-unidades-1.jpg;;;;;;;;;;
VASO CART 6 OZ MANIJA X50UD BARV;6400;https://encrypted-tbn0.gstatic.com/images?q=tbn:ANd9GcSH7QC4hzyajsmv3uGnrLUM6p4DB4hnpFhVgQ&s;;;;;;;;;;
VASO CART 6 OZ 50UD economico;4200;https://encrypted-tbn0.gstatic.com/images?q=tbn:ANd9GcQl7ZcCNA7tH_kS5GyG_ztx_QVbR9wMD0OtJQ&s;;;;;;;;;;
VASO CART 7OZ BLANCO X50UD;4000;https://www.tiendaedexa.com/9156-large_default/vaso-carton-blanco-7-oz-wau-x-50-und.jpg;;;;;;;;;;
VASO CART 9OZ X50UD ECONOMICO;5900;https://encrypted-tbn0.gstatic.com/images?q=tbn:ANd9GcSyUKWKfYdW-6QSyqz9CK08pBUsqptCUPxgsQ&s;;;;;;;;;;
VASO CART 12OZ X40UD;8700;https://superdesechablesdelnorte.com/1499-home_default/vaso-12-onz-papel-carton-generico-x-40-und.jpg;;;;;;;;;;
TAPA VASO CART 6OZ X25UD;3300;https://ecoplanetabio.com/wp-content/uploads/2021/12/Tapa-9-oz.png;;;;;;;;;;
TAPA VASO CART 9OZ  X25UD;3900;https://ecoplanetabio.com/wp-content/uploads/2021/12/Tapa-9-oz.png;;;;;;;;;;
TAPA NEGRA VASO  5-6OZ  X50UD;6000;https://housedistribuciones.com/imgupload/tfQqhw_Tapavaocarton12oz.png;;;;;;;;;;
TAPA VASO CART 9OZ  X50UD;7900;https://ecoplanetabio.com/wp-content/uploads/2021/12/Tapa-9-oz.png;;;;;;;;;;
VASO RESQ 9OZX12UD;600;https://cdn.ajoverdarnel.com/img/pf/D620900.jpg;;;;;;;;;;
VASO RESQ 10OZX12UD;650;https://cdn.ajoverdarnel.com/img/pf/D621000.jpg;;;;;;;;;;
VASO RESQ 12OZX12UD;700;https://cdn.ajoverdarnel.com/img/pf/D621200.jpg;;;;;;;;;;
VASO RESQ 16OZX12UD;800;https://cdn.ajoverdarnel.com/img/pf/D621600.jpg;;;;;;;;;;
TAPA DOMO X50UD;9200;https://cdn.ajoverdarnel.com/img/pf/D620900TH.jpg;;;;;;;;;;
PAPEL PARAFINADO ROLLO X100MTS;18200;https://superdesechablesdelnorte.com/499-medium_default/papel-parafinado-12-ref-200-impreso-cuadros-rojos.jpg;;;;;;;;;;
PAPEL PARAFINADO ROLLO X50MTS;9800;https://superdesechablesdelnorte.com/499-medium_default/papel-parafinado-12-ref-200-impreso-cuadros-rojos.jpg;;;;;;;;;;
PAPEL PARAFINADO ROLLO X20MTS;5800;https://superdesechablesdelnorte.com/499-medium_default/papel-parafinado-12-ref-200-impreso-cuadros-rojos.jpg;;;;;;;;;;
PAPEL PARAFINADO ROLLO X300MTS blanco;40700;https://www.dispropancaribe.com/cdn/shop/products/122101122102122103122104122105.jpg?v=1669756389;;;;;;;;;;
PAPEL PARAFINADO OXXOBIO 30X30CM - 100UD;8000;https://www.impresospanzzer.com/88-large_default/mountain-fox-notebook.jpg;;;;;;;;;;
PAPEL PARAFINADO OXXOBIO 30X40CM - 100UD;8600;https://www.impresospanzzer.com/88-large_default/mountain-fox-notebook.jpg;;;;;;;;;;
PAPEL PARAFINADO 30X30CM o 30x40- 100UD;9300;https://megadistribuciones.co/wp-content/uploads/2024/07/PAPEL-PARAFINADO-ROLLO_11zon.webp;;;;;;;;;;
"PAPEL ALUMINIO 12"" X 7MTS";2400;https://encrypted-tbn0.gstatic.com/images?q=tbn:ANd9GcTVCV6d1z9IJbx68tV2YH4NYNoj0zSXmFhlKQ&s;;;;;;;;;;
"PAPEL ALUMINIO 12""X 16MTS";4500;https://images.rappi.com/products/1699574706353_1699574703044_1699574702702.png;;;;;;;;;;
PAPEL ALUMINIO 40MTS REPUESTO FOIL;9500;https://encrypted-tbn0.gstatic.com/images?q=tbn:ANd9GcSZ_O9rWGoLdgKnjCgPukMNuMIUZEl3Lhk0jg&s;;;;;;;;;;
PAPEL ALUMINIO 100MTS ;24000;https://freskofood57.com/wp-content/uploads/2024/01/papel-aluminio-100mts-Blue-supliers.webp;;;;;;;;;;
PAPEL ALUMINIO 300MTS ;82500;https://casabestsas.com/wp-content/uploads/2022/01/WhatsApp-Image-2022-11-28-at-8.43.31-AM.jpeg;;;;;;;;;;
BOLSA HAMBURGUESA RECTANGULAR blanca OXXOBIO X100UD;6500;https://www.purabox.co/cdn/shop/files/Bolsa-blanca-de-papel-Antigrasa-tipo-plegada-Snacks.jpg?v=1725986903;;;;;;;;;;
BOLSA HAMBURGUESA RECTANGULAR OXXOBIO X100UD;7500;C:\Users\57320\Desktop\icopor.com\catalogo virtual\catalogo-frontend\images\hamburguesa rectangular oxxo.jpeg;;;;;;;;;;https://img.clasf.co/2019/12/21/Bolsa-Papel-Parafinado-Hamburguesa-Comidas-Rpidas-X100-20191221133010.0617840015.jpg
BOLSA PORTA PERRO OXXOBIO X100UD;6500;https://www.impresospanzzer.com/82-home_default/mountain-fox-notebook.jpg;;;;;;;;;;
BOLSA HAMBURGUESA EN L  OXXOBIO X100UD;6600;https://www.impresospanzzer.com/77-large_default/mountain-fox-notebook.jpg;;;;;;;;;;
BOLSA PAPITAS OXXOBIO X100UD ;5500;https://www.impresospanzzer.com/91-home_default/mountain-fox-notebook.jpg;;;;;;;;;;
BOLSA OBLEA EN L OXXO X100UD;6000;https://www.impresospanzzer.com/76-medium_default/mountain-fox-notebook.jpg;;;;;;;;;;
VINIPEL NEGRO STRECH 30CMX300M;16000;https://http2.mlstatic.com/D_NQ_NP_756992-MCO47345438355_092021-O.webp;;;;;;;;;;
VINIPEL NEGRO STRECH 15CMX300M;8500;https://http2.mlstatic.com/D_NQ_NP_720910-MCO69124677579_042023-O.webp;;;;;;;;;;
VINIPEL TRANSPARENTE STRECH 30CMX300M;10500;https://ecoreciclajeuniversal.com/wp-content/uploads/2016/03/vinipel-de-500-metros-x-50-3-776x1024.jpg;;;;;;;;;;
VINIPEL TRANSPARENTE STRECH 15CMX300M;8500;https://cdnx.jumpseller.com/universaldetornillosyherr/image/32304902/resize/1200/1200?1742660450;;;;;;;;;;
VINIPEL TRANSPARENTE STRECH 20CM X300MT;8400;https://http2.mlstatic.com/D_NQ_NP_620781-MCO72179926195_102023-O.webp;;;;;;;;;;
VINIPEL TRANSPARENTE STRECH 50CM X300MT;16900;https://http2.mlstatic.com/D_NQ_NP_889412-MCO52351836409_112022-O.webp;;;;;;;;;;
VINIPEL REDUCTOR OSMOTICO X50MTS;4500;https://www.productoshyh.com/657-home_default/papel-vinipel-osmotico-negro-rollo-50m-hyh.jpg;;;;;;;;;;
VINIPEL REDUCTOR OSMOTICO X100MTS;6600;https://http2.mlstatic.com/D_NQ_NP_853462-MCO74044507639_012024-O.webp;;;;;;;;;;
"VINIPEL ALIMENT 12""X100MTS";5500;https://http2.mlstatic.com/D_NQ_NP_610588-MCO78690892610_092024-O.webp;;;;;;;;;;
"VINIPEL 20MTS 12""X66 DARN";2000;https://www.productoshyh.com/575-large_default/papel-vinipel-rollo-20m-hyh.jpg;;;;;;;;;;
"VINIPEL ALIMENT 12"" X50MTS ";3900;https://www.productoshyh.com/665-large_default/papel-vinipel-rollo-50m-hyh.jpg;;;;;;;;;;
"VINIPEL ALIMENT 12""X500MTS";22000;https://http2.mlstatic.com/D_NQ_NP_967922-MCO73850734686_012024-O.webp;;;;;;;;;;
"VINIPEL ALIMENT 12""X300MTS";15600;https://static.wixstatic.com/media/516e39_328d2092bf204f2a9161c51f29f86589~mv2.png/v1/fit/w_500,h_500,q_90/file.png;;;;;;;;;;
"VINIPEL ALIMENT 12""X200MTS";10500;https://andima.com.co/wp-content/uploads/2022/03/1.jpg;;;;;;;;;;
VINIPEL 5K TRANSPARENTE 1,500MTS;65000;https://www.todoaseo.com/wp-content/uploads/2017/01/PAPEL-VINIPEL-X-1500-M-REF-06986.jpg;;;;;;;;;;
VINIPEL 5K ROSADO 1,500MTS;71500;https://i0.wp.com/sumimega.com/wp-content/uploads/2025/03/1137041.png?resize=401%2C400&ssl=1;;;;;;;;;;
VINIPEL VASO ALIMENT X500MTS;11200;https://encrypted-tbn0.gstatic.com/images?q=tbn:ANd9GcQbX4pyB5XGvO47KPoqqwKL9SywjJb0ZhZjnA&s;;;;;;;;;;
BOLSAS TRANSPARENTE 6X11;2200;https://encrypted-tbn0.gstatic.com/images?q=tbn:ANd9GcQnT7vCF2ewPx-9haKHiBGWwrgPtgRrttWsFw&s;;;;;;;;;;
BOLSA TRANSPARENTE 5X9;1500;https://encrypted-tbn0.gstatic.com/images?q=tbn:ANd9GcScBLgGUQaZADFc9hS7f7Q3l78AGVw4mUNvBw&s;;;;;;;;;;
BOLSA TRANSPARENTE 5X12;1900;https://www.dispropancaribe.com/cdn/shop/products/120001120002120003120004120005120006120007120008120009120010120011120012120013120014.jpg?v=1660249763;;;;;;;;;;
BOLSA TRANSPARENTE 8X12;3300;https://www.dispropancaribe.com/cdn/shop/products/120001120002120003120004120005120006120007120008120009120010120011120012120013120014.jpg?v=1660249763;;;;;;;;;;
BOLSA TRANSPARENTE 3X10 - 100UD;1000;https://www.dispropancaribe.com/cdn/shop/products/120001120002120003120004120005120006120007120008120009120010120011120012120013120014.jpg?v=1660249763;;;;;;;;;;
BOLSA TRANSPARENTE 2X10 100UD;1000;https://www.dispropancaribe.com/cdn/shop/products/120001120002120003120004120005120006120007120008120009120010120011120012120013120014.jpg?v=1660249763;;;;;;;;;;
BOLSA TRANSPARENTE 7X12 X 100UD;2800;https://www.dispropancaribe.com/cdn/shop/products/120001120002120003120004120005120006120007120008120009120010120011120012120013120014.jpg?v=1660249763;;;;;;;;;;
BOLSA TRANSPARENTE 3X12 X 100UD;1100;https://www.dispropancaribe.com/cdn/shop/products/120001120002120003120004120005120006120007120008120009120010120011120012120013120014.jpg?v=1660249763;;;;;;;;;;
BOLSA TRANSPARENTE 14X20 X100UD;8650;https://www.dispropancaribe.com/cdn/shop/products/120001120002120003120004120005120006120007120008120009120010120011120012120013120014.jpg?v=1660249763;;;;;;;;;;
BOLSA TRANSPARENTE 6X12 X100UD;2400;https://www.dispropancaribe.com/cdn/shop/products/120001120002120003120004120005120006120007120008120009120010120011120012120013120014.jpg?v=1660249763;;;;;;;;;;
BOLSA TRANSPARENTE 7X14 X100UD;2900;https://www.dispropancaribe.com/cdn/shop/products/120001120002120003120004120005120006120007120008120009120010120011120012120013120014.jpg?v=1660249763;;;;;;;;;;
BOLSA TRANSPARENTE 4X8 X100UD;1100;https://www.dispropancaribe.com/cdn/shop/products/120001120002120003120004120005120006120007120008120009120010120011120012120013120014.jpg?v=1660249763;;;;;;;;;;
BOLSA TRANSPARENTE 9X14 X100UD;3900;https://www.dispropancaribe.com/cdn/shop/products/120001120002120003120004120005120006120007120008120009120010120011120012120013120014.jpg?v=1660249763;;;;;;;;;;
BOLSA TRANSPARENTE 4X12 X100UD;1500;https://www.dispropancaribe.com/cdn/shop/products/120001120002120003120004120005120006120007120008120009120010120011120012120013120014.jpg?v=1660249763;;;;;;;;;;
BOLSA TRASPARENTE 10X16 X100UD;5000;https://www.dispropancaribe.com/cdn/shop/products/120001120002120003120004120005120006120007120008120009120010120011120012120013120014.jpg?v=1660249763;;;;;;;;;;
BOLSA TRASPARENTE 12X16 X100UD;6200;https://www.dispropancaribe.com/cdn/shop/products/120001120002120003120004120005120006120007120008120009120010120011120012120013120014.jpg?v=1660249763;;;;;;;;;;
BOLSA TRASPARENTE 6X14 X100UD;2800;https://www.dispropancaribe.com/cdn/shop/products/120001120002120003120004120005120006120007120008120009120010120011120012120013120014.jpg?v=1660249763;;;;;;;;;;
BOLSA TRANSPARENTE 8X14 X100UD;3300;https://www.dispropancaribe.com/cdn/shop/products/120001120002120003120004120005120006120007120008120009120010120011120012120013120014.jpg?v=1660249763;;;;;;;;;;
BOLSA TRANSPARENTE 8X16 X100UD;3900;https://www.dispropancaribe.com/cdn/shop/products/120001120002120003120004120005120006120007120008120009120010120011120012120013120014.jpg?v=1660249763;;;;;;;;;;
BOLSA TRANSPARENTE 16X24 X100UD;12900;https://www.dispropancaribe.com/cdn/shop/products/120001120002120003120004120005120006120007120008120009120010120011120012120013120014.jpg?v=1660249763;;;;;;;;;;
BOLSA TRANSPARENTE GRUESO 16X24 X100UD;30600;https://distribuidoraalcance.com/wp-content/uploads/Bolsa-Transparente-1-Lb.jpg;;;;;;;;;;
BOLSA TINA de primera XKILO;9800;https://http2.mlstatic.com/D_NQ_NP_903362-MCO76579819740_062024-O.webp;;;;;;;;;;
BOLSA TIPO CINT 8X14 X100UD;11800;https://encrypted-tbn0.gstatic.com/images?q=tbn:ANd9GcQEb7CeRnfpyMSEMDxgEpTVUye4K8gdSww3mQ&s;;;;;;;;;;
BOLSA TIPO CINT 5X10 X100UD;5700;https://encrypted-tbn0.gstatic.com/images?q=tbn:ANd9GcQEb7CeRnfpyMSEMDxgEpTVUye4K8gdSww3mQ&s;;;;;;;;;;
BOLSA TIPO CINTA ESTUCHE 2,5X4 X100UD;3000;https://encrypted-tbn0.gstatic.com/images?q=tbn:ANd9GcQEb7CeRnfpyMSEMDxgEpTVUye4K8gdSww3mQ&s;;;;;;;;;;
BOLSA TIPO CINTA 2X3 X100UD;2400;https://encrypted-tbn0.gstatic.com/images?q=tbn:ANd9GcQEb7CeRnfpyMSEMDxgEpTVUye4K8gdSww3mQ&s;;;;;;;;;;
BOLSA TIPO CINTA 2x4 X100UD;2400;https://encrypted-tbn0.gstatic.com/images?q=tbn:ANd9GcQEb7CeRnfpyMSEMDxgEpTVUye4K8gdSww3mQ&s;;;;;;;;;;
BOLSA TIPO CINTA 3X4 X100UD;3000;https://encrypted-tbn0.gstatic.com/images?q=tbn:ANd9GcQEb7CeRnfpyMSEMDxgEpTVUye4K8gdSww3mQ&s;;;;;;;;;;
BOLSA TIPO CINTA 3X6 X100UD;3100;https://encrypted-tbn0.gstatic.com/images?q=tbn:ANd9GcQEb7CeRnfpyMSEMDxgEpTVUye4K8gdSww3mQ&s;;;;;;;;;;
BOLSA TIPO CINTA 3X8 X100UD;3700;https://encrypted-tbn0.gstatic.com/images?q=tbn:ANd9GcQEb7CeRnfpyMSEMDxgEpTVUye4K8gdSww3mQ&s;;;;;;;;;;
BOLSA TIPO CINTA 9X12 X100UD;13000;https://encrypted-tbn0.gstatic.com/images?q=tbn:ANd9GcQEb7CeRnfpyMSEMDxgEpTVUye4K8gdSww3mQ&s;;;;;;;;;;
BOLSA TIPO CINTA 5X20 X100UD;2500;https://encrypted-tbn0.gstatic.com/images?q=tbn:ANd9GcQEb7CeRnfpyMSEMDxgEpTVUye4K8gdSww3mQ&s;;;;;;;;;;
BOLSA TIPO CINTA 5X6 X100UD;4000;https://encrypted-tbn0.gstatic.com/images?q=tbn:ANd9GcQEb7CeRnfpyMSEMDxgEpTVUye4K8gdSww3mQ&s;;;;;;;;;;
BOLSA TIP CINTA 4X8 X 100UD;3900;https://encrypted-tbn0.gstatic.com/images?q=tbn:ANd9GcQEb7CeRnfpyMSEMDxgEpTVUye4K8gdSww3mQ&s;;;;;;;;;;
BOLSA TIP CINTA ESTUCHE 11X21 X 100UD;5000;https://http2.mlstatic.com/D_NQ_NP_630480-MCO40903212982_022020-O.webp;;;;;;;;;;
BOLSA TIP CINTA 6X6 X 100UD;4400;https://encrypted-tbn0.gstatic.com/images?q=tbn:ANd9GcQEb7CeRnfpyMSEMDxgEpTVUye4K8gdSww3mQ&s;;;;;;;;;;
BOLSA TIPO CINTA 6X8 X100;6000;https://encrypted-tbn0.gstatic.com/images?q=tbn:ANd9GcQEb7CeRnfpyMSEMDxgEpTVUye4K8gdSww3mQ&s;;;;;;;;;;
BOLSA TIPO CINTA 4X6 X100UD;2900;https://encrypted-tbn0.gstatic.com/images?q=tbn:ANd9GcQEb7CeRnfpyMSEMDxgEpTVUye4K8gdSww3mQ&s;;;;;;;;;;
BOLSA TIPO CINTA 10X16 X100UD;22000;https://encrypted-tbn0.gstatic.com/images?q=tbn:ANd9GcQEb7CeRnfpyMSEMDxgEpTVUye4K8gdSww3mQ&s;;;;;;;;;;
BOLSA TIPO CINTA 12X16 X100UD;24000;https://encrypted-tbn0.gstatic.com/images?q=tbn:ANd9GcQEb7CeRnfpyMSEMDxgEpTVUye4K8gdSww3mQ&s;;;;;;;;;;
BOLSA LECHOSA 4X8 X100UD;800;https://berpaadmin.com.co/backend/admin/backend/web/archivosDelCliente/items/images/20-EMPAQUES-Y-DESECHABLES-BOLSAS-BOLSA-BLANCA-6X8-X-100-UNIDADES-2020231030082401.jpg;;;;;;;;;;
BOLSA LECHOSA 5X9 X100UD;900;https://berpaadmin.com.co/backend/admin/backend/web/archivosDelCliente/items/images/20-EMPAQUES-Y-DESECHABLES-BOLSAS-BOLSA-BLANCA-6X8-X-100-UNIDADES-2020231030082401.jpg;;;;;;;;;;
BOLSA LECHOSA 7X10;1500;https://berpaadmin.com.co/backend/admin/backend/web/archivosDelCliente/items/images/20-EMPAQUES-Y-DESECHABLES-BOLSAS-BOLSA-BLANCA-6X8-X-100-UNIDADES-2020231030082401.jpg;;;;;;;;;;
BOLSA LECHOSA 8X12 X100UD;1700;https://berpaadmin.com.co/backend/admin/backend/web/archivosDelCliente/items/images/20-EMPAQUES-Y-DESECHABLES-BOLSAS-BOLSA-BLANCA-6X8-X-100-UNIDADES-2020231030082401.jpg;;;;;;;;;;
BOLSA LECHOSA 9X14 X100UD;2300;https://berpaadmin.com.co/backend/admin/backend/web/archivosDelCliente/items/images/20-EMPAQUES-Y-DESECHABLES-BOLSAS-BOLSA-BLANCA-6X8-X-100-UNIDADES-2020231030082401.jpg;;;;;;;;;;
BOLSA LECHOSA 12X18 X100UD;3900;https://berpaadmin.com.co/backend/admin/backend/web/archivosDelCliente/items/images/20-EMPAQUES-Y-DESECHABLES-BOLSAS-BOLSA-BLANCA-6X8-X-100-UNIDADES-2020231030082401.jpg;;;;;;;;;;
BOLSA LECHOSA 10X16 PRECORTE XKILO;8600;https://encrypted-tbn0.gstatic.com/images?q=tbn:ANd9GcQ5NuMOp6a4VEVJYXb1EJWiCvlZYy_9_wQaOQ&s;;;;;;;;;;
BOLSA LECHOSA 12X16 PRECORTE XKILO;8600;https://encrypted-tbn0.gstatic.com/images?q=tbn:ANd9GcQ5NuMOp6a4VEVJYXb1EJWiCvlZYy_9_wQaOQ&s;;;;;;;;;;
BOLSA AUTOSELLANTE 10X20;6300;https://milempaques.com.co/nuevo/wp-content/uploads/2022/09/Bolsa-plastica-cierre-hermetico-1.png;;;;;;;;;;
BOLSA AUTOSELLANTE 14X10;4600;https://milempaques.com.co/nuevo/wp-content/uploads/2022/09/Bolsa-plastica-cierre-hermetico-1.png;;;;;;;;;;
BOLSA AUTOSELLANTE 14X14;6000;https://milempaques.com.co/nuevo/wp-content/uploads/2022/09/Bolsa-plastica-cierre-hermetico-1.png;;;;;;;;;;
BOLSA AUTOSELLANTE 14X22;8500;https://milempaques.com.co/nuevo/wp-content/uploads/2022/09/Bolsa-plastica-cierre-hermetico-1.png;;;;;;;;;;
BOLSA AUTOSELLANTE 18X22;10500;https://milempaques.com.co/nuevo/wp-content/uploads/2022/09/Bolsa-plastica-cierre-hermetico-1.png;;;;;;;;;;
BOLSA AUTOSELLANTE 18X20;9700;https://milempaques.com.co/nuevo/wp-content/uploads/2022/09/Bolsa-plastica-cierre-hermetico-1.png;;;;;;;;;;
BOLSA AUTOSELLANTE 5X5 X100UD;2200;https://milempaques.com.co/nuevo/wp-content/uploads/2022/09/Bolsa-plastica-cierre-hermetico-1.png;;;;;;;;;;
BOLSA AUTOSELLANTE 5X9 X100UD;2700;https://milempaques.com.co/nuevo/wp-content/uploads/2022/09/Bolsa-plastica-cierre-hermetico-1.png;;;;;;;;;;
BOLSA AUTOSELLANTE 15X20 X100UD;8600;https://milempaques.com.co/nuevo/wp-content/uploads/2022/09/Bolsa-plastica-cierre-hermetico-1.png;;;;;;;;;;
BOLSA AUTOSELLANTE 20X18 X100UD;10400;https://milempaques.com.co/nuevo/wp-content/uploads/2022/09/Bolsa-plastica-cierre-hermetico-1.png;;;;;;;;;;
BOLSA AUTOSELLANTE 6X9 X100UD;3300;https://milempaques.com.co/nuevo/wp-content/uploads/2022/09/Bolsa-plastica-cierre-hermetico-1.png;;;;;;;;;;
BOLSA AUTOSELLANTE 8X10 X100UD;3100;https://milempaques.com.co/nuevo/wp-content/uploads/2022/09/Bolsa-plastica-cierre-hermetico-1.png;;;;;;;;;;
BOLSA AUTOSELLANTE 3X4 X100UD;1800;https://milempaques.com.co/nuevo/wp-content/uploads/2022/09/Bolsa-plastica-cierre-hermetico-1.png;;;;;;;;;;
BOLSA AUTOSELLANTE 24X20 X100UD;14800;https://milempaques.com.co/nuevo/wp-content/uploads/2022/09/Bolsa-plastica-cierre-hermetico-1.png;;;;;;;;;;
BOLSA AUTOSELLANTE 20X30 X100UD;15300;https://milempaques.com.co/nuevo/wp-content/uploads/2022/09/Bolsa-plastica-cierre-hermetico-1.png;;;;;;;;;;
BOLSA ALUMINIZADA L-17;1800;https://www.productoshyh.com/436-large_default/bolsa-aluminio-r-17-l-17.jpg;;;;;;;;;;
BOLSA ALUMINIZADA L-19 X100UD;2800;https://www.productoshyh.com/435-large_default/bolsa-aluminio-r-19-l19.jpg;;;;;;;;;;
BOLSA ALUMINIZADA L-23 X100UD;3900;https://sumerlabs.com/default/image-tool-lambda?new-width=500&new-height=500&new-quality=50&url-image=https%3A%2F%2Fsumerlabs.com%2Fsumer-app-90b8f.appspot.com%2Fproduct_photos%252F5a3ffff9519b9d13b08c727e1bff01bd%252Fc1c266b0-3dd7-11ee-9898-13b664323cb0%3Falt%3Dmedia%26token%3D675e306e-1daf-445f-8865-9ba854f78280;;;;;;;;;;
BOLSA ALUMINIZADA L-21 X100UD;3500;https://www.productoshyh.com/433-large_default/bolsa-aluminio-r-23-l23.jpg;;;;;;;;;;
BOLSA ALUMINIZADA L-25 X100UD;5400;https://www.productoshyh.com/432-medium_default/bolsa-aluminio-r-25-l25.jpg;;;;;;;;;;
BOLSA ALUMINIZADA L-32 X100UD;7100;https://encrypted-tbn0.gstatic.com/images?q=tbn:ANd9GcQV-aEQjVYE_4byJmeldXgrI_qVoJjwyCCzbA&s;;;;;;;;;;
BOLSA ALUMINIZADA L-35 X100UD;7400;https://www.productoshyh.com/431-large_default/bolsa-aluminio-r-35-l35.jpg;;;;;;;;;;
BOLSA ALUMINIZADA P-25 X100UD;4200;https://www.productoshyh.com/719-large_default/bolsa-aluminio-p-25-.jpg;;;;;;;;;;
BOLSA BASURA 24' X 6UD;2000;https://encrypted-tbn0.gstatic.com/images?q=tbn:ANd9GcRO6VLO9roYr_TzaXsi9qCxqaSdWcwiyyLviQ&s;;;;;;;;;;
BOLSA BASURA 22' X 6UD;1500;https://encrypted-tbn0.gstatic.com/images?q=tbn:ANd9GcRO6VLO9roYr_TzaXsi9qCxqaSdWcwiyyLviQ&s;;;;;;;;;;
BOLSA BASURA 26' X 6UD;2500;https://encrypted-tbn0.gstatic.com/images?q=tbn:ANd9GcRO6VLO9roYr_TzaXsi9qCxqaSdWcwiyyLviQ&s;;;;;;;;;;
BOLSA BASURA 28' X 6UD;3200;https://encrypted-tbn0.gstatic.com/images?q=tbn:ANd9GcRO6VLO9roYr_TzaXsi9qCxqaSdWcwiyyLviQ&s;;;;;;;;;;
BOLSA BASURA 32´ X 6UD;4300;https://encrypted-tbn0.gstatic.com/images?q=tbn:ANd9GcRO6VLO9roYr_TzaXsi9qCxqaSdWcwiyyLviQ&s;;;;;;;;;;
BOLSA BASURA 39' X 6UD;4100;https://encrypted-tbn0.gstatic.com/images?q=tbn:ANd9GcRO6VLO9roYr_TzaXsi9qCxqaSdWcwiyyLviQ&s;;;;;;;;;;
BOLSA PAPEL 1/2 LB;1800;https://http2.mlstatic.com/D_NQ_NP_725060-MCO47681932079_092021-O.webp;;;;;;;;;;
BOLSA PAPEL 1 LB X 100;2500;https://www.distribuidoracontinentalgt.com/cdn/shop/products/BOLSAKRAFT1LB_800x.png?v=1614114733;;;;;;;;;;
BOLSA PAPEL 2 LB X 100;3400;https://http2.mlstatic.com/D_NQ_NP_627381-MCO47682854859_092021-O.webp;;;;;;;;;;
BOLSA PAPEL 3 LB X 100;4000;https://http2.mlstatic.com/D_NQ_NP_730655-MCO48865250145_012022-O.webp;;;;;;;;;;
BOLSA PAPEL 4 LB X 100;4900;https://http2.mlstatic.com/D_NQ_NP_800498-MCO49892761489_052022-O.webp;;;;;;;;;;
BOLSA PAPEL TIPO CUBIERTO X100UD;3700;https://www.bolsasyempaquescolombia.com/cdn/shop/files/x-largesoon-Photoroom.jpg?v=1712414630;;;;;;;;;;
BOLSA PAPEL 6 LB X100;7200;https://exitocol.vtexassets.com/arquivos/ids/22923357/bolsa-papel-de-6-libras-x-100-unidades.jpg?v=638521945956030000;;;;;;;;;;
BOLSA PAPEL 12 LB X100;10400;https://http2.mlstatic.com/D_NQ_NP_722576-MCO75289742895_032024-O.webp;;;;;;;;;;
BOLSA BAGUETTE X100UD;13100;https://procoldelvalle.com/wp-content/uploads/2023/08/unibol-baguette.webp;;;;;;;;;;
BOLSA BAGUETTE PRECORTE X 1,000;45000;https://complasesa.co/wp-content/uploads/2024/02/bf5262d1-a108-4f73-b5b1-e5ae90144e21.jpg;;;;;;;;;;
BOLSA PAPEL 1 LB X 100 BLANCA;5200;https://www.purabox.co/cdn/shop/files/Bolsa-blanca-Bond-tipo-base-cuadrada-1-Lb_720x.png?v=1725992086;;;;;;;;;;
BOLSA PAPEL 2 LB X 100 BLANCA;7000;https://www.purabox.co/cdn/shop/files/BolsablancadepapelAntigrasotipobasecuadrada2Lb.jpg?v=1725990091;;;;;;;;;;
BOLSA PLAST DECORADA 6X9 X50UD;4600;https://encrypted-tbn0.gstatic.com/images?q=tbn:ANd9GcQTAc9xQHVhNlgNUxop1vsAP9nrJP-6j3UuhA&s;;;;;;;;;;
BOLSA PLAST DECORADA 7X10 X50UD;3400;https://megadistribuciones.co/wp-content/uploads/2023/12/bolsa-decorativa-grande-6_7_11zon.webp;;;;;;;;;;
BOLSA PLAST DECORADA 12X18 X50UD;7900;https://encrypted-tbn0.gstatic.com/images?q=tbn:ANd9GcRphvrAR6-sWuiEt4mvLqkbAd80dY03EIpxRQ&s;;;;;;;;;;
BOLSA PLAST DECORADA 9X14 X50UD;4700;https://ceciplast.com/wp-content/uploads/2021/12/producto-bolsas-decoradas.jpg;;;;;;;;;;
BOLSA PLAST DECORADA 5X9 X 50UD;2500;https://megadistribuciones.co/wp-content/uploads/2023/12/bolsa-decorativa-grande-6_7_11zon.webp;;;;;;;;;;
BOLSA PLAST DECORADA 3.5X6 X 50UD;3100;https://megadistribuciones.co/wp-content/uploads/2023/12/bolsa-decorativa-grande-6_7_11zon.webp;;;;;;;;;;
BOLSA PLAST DECORADA 14X20 X50UD;11500;https://http2.mlstatic.com/D_NQ_NP_609231-MCO51813330785_102022-O.webp;;;;;;;;;;
BOLSA CAFE 1/4;750;https://rasgos.co/cdn/shop/files/main-image-3_f411d8dc-0cca-43d6-84fd-b914bc2e96b6.jpg?v=1745420046&width=640;;;;;;;;;;
BOLSA CAFE 1/2;1500;https://hefpacking.com/wp-content/uploads/2023/01/PHOTO-2023-01-23-11-26-43-2.jpg;;;;;;;;;;
BOLSA CAFE LIBRA;1600;https://www.empaquespackvision.com/wp-content/uploads/2023/03/Mesa-de-trabajo-14.png;;;;;;;;;;
BOLSA TELA 18X23;900;https://http2.mlstatic.com/D_NQ_NP_637539-MCO51036571169_082022-O.webp;;;;;;;;;;
BOLSA TELA 23X30;1050;https://http2.mlstatic.com/D_NQ_NP_961357-MCO75579988550_042024-O.webp;;;;;;;;;;
BOLSA TELA 30X40;1300;https://http2.mlstatic.com/D_NQ_NP_705010-MCO83158397309_032025-O.webp;;;;;;;;;;
BOLSA TELA 30X40 MANIJA;1400;https://http2.mlstatic.com/D_NQ_NP_745591-MCO75721564226_042024-O.webp;;;;;;;;;;
BOLSA TELA 35X45 MANIJA;1250;https://http2.mlstatic.com/D_NQ_NP_745591-MCO75721564226_042024-O.webp;;;;;;;;;;
BOLSA TELA 40X40 MANIJA;2500;https://http2.mlstatic.com/D_NQ_NP_745591-MCO75721564226_042024-O.webp;;;;;;;;;;
BOLSA TELA NAVIDAD TROQUEL 35X45;2200;https://bolsatex.com/wp-content/uploads/2024/10/bosa-troquelada-navidad.jpg;;;;;;;;;;
BOLSA TELA TULA NAVIDAD 35X45;3200;https://bolsatex.com/wp-content/uploads/2024/10/bolsa-tula-navidena-roja.jpg;;;;;;;;;;
BOLSA TELA MANIJA NAVIDAD 40X40;2500;https://bolsatex.com/wp-content/uploads/2024/10/bolsa-navidad-manija.jpg;;;;;;;;;;
BOLSA TORNASOL 7X10;150;https://http2.mlstatic.com/D_NQ_NP_943377-CBT82895096776_032025-O.webp;;;;;;;;;;
BOLSA TORNASOL 10X15;300;https://http2.mlstatic.com/D_NQ_NP_657426-MCO54986674662_052023-O.webp;;;;;;;;;;
BOLSA TORNASOL 8X13;200;https://http2.mlstatic.com/D_NQ_NP_943377-CBT82895096776_032025-O.webp;;;;;;;;;;
BOLSA TORNASOL 12X20;400;https://http2.mlstatic.com/D_NQ_NP_657426-MCO54986674662_052023-O.webp;;;;;;;;;;
BOLSA TORNASOL 14X20;450;https://http2.mlstatic.com/D_NQ_NP_657426-MCO54986674662_052023-O.webp;;;;;;;;;;
BOLSA ventana 10x15;300;https://http2.mlstatic.com/D_NQ_NP_941235-MCO70939572473_082023-O.webp;;;;;;;;;;
BOLSA VENTANA 15X22;500;https://http2.mlstatic.com/D_NQ_NP_941235-MCO70939572473_082023-O.webp;;;;;;;;;;
BOLSA VENTANA 18X26;800;https://http2.mlstatic.com/D_NQ_NP_941235-MCO70939572473_082023-O.webp;;;;;;;;;;
BOLSA ORGANZA 7X9;350;https://todoplastic.com/5548-medium_default/bolsas-de-organza.jpg;;;;;;;;;;
BOLSA ORGANZA 10X12;450;https://todoplastic.com/5548-medium_default/bolsas-de-organza.jpg;;;;;;;;;;
BOLSA ORGANZA 12X15;500;https://todoplastic.com/5548-medium_default/bolsas-de-organza.jpg;;;;;;;;;;
BOLSA ORGANZA 14X20;650;https://todoplastic.com/5548-medium_default/bolsas-de-organza.jpg;;;;;;;;;;
BOLSA ORGANZA 17X26;850;https://todoplastic.com/5548-medium_default/bolsas-de-organza.jpg;;;;;;;;;;
BOLSA TRANSP DECORADA 6X15 X100UD;2100;https://m.media-amazon.com/images/I/9174IFOP1dL._AC_SX679_.jpg;;;;;;;;;;
BOLSA TRANSP DECORADA 5X20 X 100UD;2500;https://m.media-amazon.com/images/I/9174IFOP1dL._AC_SX679_.jpg;;;;;;;;;;
BOLSA TRANSP DECORADA 10X20 X 100UD;3400;https://m.media-amazon.com/images/I/9174IFOP1dL._AC_SX679_.jpg;;;;;;;;;;
BOLSA TRANSP DECORADA 5X15 X100UD;1900;https://m.media-amazon.com/images/I/9174IFOP1dL._AC_SX679_.jpg;;;;;;;;;;
BOLSA TRANSP DECORADA 7X20 X100UD;2900;https://m.media-amazon.com/images/I/9174IFOP1dL._AC_SX679_.jpg;;;;;;;;;;
BOLSA TRANSP DECORADA 8X20 X100UD;3300;https://m.media-amazon.com/images/I/9174IFOP1dL._AC_SX679_.jpg;;;;;;;;;;
BOLSA TRANSP DECORADA 18X25 X100UD;7000;https://m.media-amazon.com/images/I/9174IFOP1dL._AC_SX679_.jpg;;;;;;;;;;
BOLSA TRANSP DECORADA 14X25 X100UD;6000;https://m.media-amazon.com/images/I/9174IFOP1dL._AC_SX679_.jpg;;;;;;;;;;
BOLSA TRANSP DECORADA 12X20  X100UD;3600;https://m.media-amazon.com/images/I/9174IFOP1dL._AC_SX679_.jpg;;;;;;;;;;
BOLSA TRANSP DECORADA 7X15 X100UD;2500;https://m.media-amazon.com/images/I/9174IFOP1dL._AC_SX679_.jpg;;;;;;;;;;
BOLSA TRANSP DECORADA 4X20 100UD MANI;2500;https://m.media-amazon.com/images/I/9174IFOP1dL._AC_SX679_.jpg;;;;;;;;;;
BOLSA PLAST 1K NEGRA;2000;https://ginproy.com/wp-content/uploads/2024/07/removal.ai_bf3358a2-394b-471e-b8e6-d38d6941a7b6_1652-BLS-MANIGUETA-2-KL-NEGRO-ECONO.png;;;;;;;;;;
BOLSA PLAST 1K BLANCA;2000;https://www.verines.com/images/001/img_original/bolsa-con-asa-2kgs.jpg;;;;;;;;;;
BOLSA PLAST 2K BLANCA;2600;https://www.verines.com/images/001/img_original/bolsa-con-asa-2kgs.jpg;;;;;;;;;;
BOLSA PLAST 2K NEGRA;2600;https://ginproy.com/wp-content/uploads/2024/07/removal.ai_bf3358a2-394b-471e-b8e6-d38d6941a7b6_1652-BLS-MANIGUETA-2-KL-NEGRO-ECONO.png;;;;;;;;;;
BOLSA PLAST 3K BLANCA;3100;https://www.verines.com/images/001/img_original/bolsa-con-asa-2kgs.jpg;;;;;;;;;;
BOLSA PLAST 3K NEGRA;3100;https://ginproy.com/wp-content/uploads/2024/07/removal.ai_bf3358a2-394b-471e-b8e6-d38d6941a7b6_1652-BLS-MANIGUETA-2-KL-NEGRO-ECONO.png;;;;;;;;;;
BOLSA PLAST 5K NEGRA;4300;https://ginproy.com/wp-content/uploads/2024/07/removal.ai_bf3358a2-394b-471e-b8e6-d38d6941a7b6_1652-BLS-MANIGUETA-2-KL-NEGRO-ECONO.png;;;;;;;;;;
BOLSA PLAST IMPRESA 5K BLANCA ;41600;https://image.made-in-china.com/2f0j00YWbrFVSdnipu/Biodegradable-Shopping-Bags-with-Handle.webp;;;;;;;;;;
BOLSA PLAST 10K BLANCA;5800;https://http2.mlstatic.com/D_NQ_NP_939627-MCO78930782491_092024-O.webp;;;;;;;;;;
BOLSA PLAST 10K NEGRA;5800;https://ginproy.com/wp-content/uploads/2024/07/removal.ai_bf3358a2-394b-471e-b8e6-d38d6941a7b6_1652-BLS-MANIGUETA-2-KL-NEGRO-ECONO.png;;;;;;;;;;
BOLSA PLAST 15K NEGRA;6800;https://ginproy.com/wp-content/uploads/2024/07/removal.ai_bf3358a2-394b-471e-b8e6-d38d6941a7b6_1652-BLS-MANIGUETA-2-KL-NEGRO-ECONO.png;;;;;;;;;;
BOLSA PLAST 20K NEGRA;8100;https://ginproy.com/wp-content/uploads/2024/07/removal.ai_bf3358a2-394b-471e-b8e6-d38d6941a7b6_1652-BLS-MANIGUETA-2-KL-NEGRO-ECONO.png;;;;;;;;;;
BOLSA PLAST 25K BLANCA;10700;https://http2.mlstatic.com/D_NQ_NP_939627-MCO78930782491_092024-O.webp;;;;;;;;;;
BOLSA PLAST 25K NEGRA;10700;https://ginproy.com/wp-content/uploads/2024/07/removal.ai_bf3358a2-394b-471e-b8e6-d38d6941a7b6_1652-BLS-MANIGUETA-2-KL-NEGRO-ECONO.png;;;;;;;;;;
BOLSA PLAST 30K NEGRA;15200;https://ginproy.com/wp-content/uploads/2024/07/removal.ai_bf3358a2-394b-471e-b8e6-d38d6941a7b6_1652-BLS-MANIGUETA-2-KL-NEGRO-ECONO.png;;;;;;;;;;
BOLSA PLAST 15K BLANCA;6800;https://www.verines.com/images/001/img_original/bolsa-con-asa-2kgs.jpg;;;;;;;;;;
BOLSA PLAST 20K BLANCA;8100;https://www.verines.com/images/001/img_original/bolsa-con-asa-2kgs.jpg;;;;;;;;;;
BOLSA PLAST 30K BLANCA;15200;https://www.verines.com/images/001/img_original/bolsa-con-asa-2kgs.jpg;;;;;;;;;;
BOLSA PLAST 5K navidad;5600;https://http2.mlstatic.com/D_NQ_NP_729522-MCO73411683249_122023-O.webp;;;;;;;;;;
BOLSA PLAST 10K navidad;6900;https://http2.mlstatic.com/D_NQ_NP_729522-MCO73411683249_122023-O.webp;;;;;;;;;;
VASO 40Z CON TAPA PLANA TROFORMAS X12UD;3300;https://encrypted-tbn0.gstatic.com/images?q=tbn:ANd9GcQtn0EjAowbKfz7K0YLv1TMdyG2nGIR_jfPww&s;;;;;;;;;;
VASO 40Z CON TAPA DOMO TROFORMAS X12UD;3500;https://encrypted-tbn0.gstatic.com/images?q=tbn:ANd9GcQtn0EjAowbKfz7K0YLv1TMdyG2nGIR_jfPww&s;;;;;;;;;;
VASO WISKY 3OZ X25UD;6900;C:\Users\57320\Desktop\icopor.com\catalogo virtual\catalogo-frontend\images\whiskey 3oz.jpeg;;;;;;;;;;
VASO WISKY TRANSPARENTE X20UD;6900;https://fiestasysorpresas.com/9729-large_default/vaso-desechable-para-whiskey-paquete-x-10.jpg;;;;;;;;;;
VASO 1 OZ X100UD DARNEL;3900;https://cdn.ajoverdarnel.com/img/pf/D631002AN.jpg;;;;;;;;;;
VASO 7OZ TAMI X25UD;3500;https://cdn.ajoverdarnel.com/img/pf/D650702.jpg;;;;;;;;;;
VASO 9OZ TAMI X25UD;4550;https://cdn.ajoverdarnel.com/img/pf/D650902.jpg;;;;;;;;;;
VASO 12OZ TAMI X25UD;6500;https://cdn.ajoverdarnel.com/img/pf/D651202.jpg;;;;;;;;;;
TAPA OPAL 7OZ DARN;3900;https://cdn.ajoverdarnel.com/img/pf/D650702T.jpg;;;;;;;;;;
TAPA OPAL 9OZ X50UD DARN;3900;https://cdn.ajoverdarnel.com/img/pf/D650902T.jpg;;;;;;;;;;
TAPA OPAL 12OZ DARN X50UD;5400;https://cdn.ajoverdarnel.com/img/pf/D651202T.jpg;;;;;;;;;;
TAPA 0.5,1.5, 1OZ CRIST X100UD DARN;5500;https://cdn.ajoverdarnel.com/img/pf/D630500ATN.jpg;;;;;;;;;;
TAPA 1,5 2OZ .2,5 CRIST X100UD DARN;5800;https://cdn.ajoverdarnel.com/img/pf/D631500TN.jpg;;;;;;;;;;
VASO 3 OZ ICOP X20UD DARN;2800;https://cdn.ajoverdarnel.com/img/pf/D690301NL.jpg;;;;;;;;;;
VASO 4 OZ ICOPOR X20UD;3900;https://cdn.ajoverdarnel.com/img/pf/D690401N.jpg;;;;;;;;;;
VASO 6OZ ICOP X20UD;2700;https://cdn.ajoverdarnel.com/img/pf/D690601N.jpg;;;;;;;;;;
VASO 8 OZ ICOPOR X20UD DARN;2900;https://cdn.ajoverdarnel.com/img/pf/D690801N.jpg;;;;;;;;;;
VASO 10OZ ICOPOR X20UD;3500;https://cdn.ajoverdarnel.com/img/pf/D691001N.jpg;;;;;;;;;;
VASO 12OZ ICOPOR X20UD;3800;https://cdn.ajoverdarnel.com/img/pf/D691201N.jpg;;;;;;;;;;
TAPA 3.5 - 7OZ WAU X50UD;3700;https://soloaseo.com/web/wp-content/uploads/2024/04/A00551-TAPA-VASO-RIGIDO-3.5-6-Y-7-OZ-TRASLUCIDOS-PQ-X-50-WAU-2.png;;;;;;;;;;
TAPA 9-10OZ WAU X50UD;5100;https://soloaseo.com/web/wp-content/uploads/2024/04/A00551-TAPA-VASO-RIGIDO-3.5-6-Y-7-OZ-TRASLUCIDOS-PQ-X-50-WAU-2.png;;;;;;;;;;
TAPA 13 14 16 OZ WAU;6400;https://soloaseo.com/web/wp-content/uploads/2024/04/A00551-TAPA-VASO-RIGIDO-3.5-6-Y-7-OZ-TRASLUCIDOS-PQ-X-50-WAU-2.png;;;;;;;;;;
TAPA DOMO 14-16 X 50UD WAU ;11000;https://http2.mlstatic.com/D_NQ_NP_978352-MCO79389488515_092024-O.webp;;;;;;;;;;
VASO 3.5 BLANCO WAU X50UD;2300;https://soloaseo.com/web/wp-content/uploads/2024/04/A00414-VASO-PLASTICO-3.5-OZ-BLANCO-PQ-X-50-WAU-2.png;;;;;;;;;;
VASO 3.5 TRANSPARENTE WAU X50UD;2400;https://fonina.co/2442-large_default/vaso-plastico-wau-35-oz-paq-x-50-unds.jpg;;;;;;;;;;
VASO 7OZ WAU X50UD;2200;https://soloaseo.com/web/wp-content/uploads/2024/04/A00412-VASO-PLASTICO-7-OZ-TRASLUCIDO-PQ-X-50-WAU-2.png;;;;;;;;;;
VASO 7OZ BLANCO X50UD WAU;2300;https://colombia.carvajalempaques.com/cms/wp-content/uploads/Vaso-ri%CC%81gido.jpg;;;;;;;;;;
VASO 9OZ WAU X50UD;3700;https://superdesechablesdelnorte.com/886-home_default/vaso-10-onz-x-50-und-opal-wau.jpg;;;;;;;;;;
VASO 10OZ X50UD WAU;4100;https://superdesechablesdelnorte.com/886-medium_default/vaso-10-onz-x-50-und-opal-wau.jpg;;;;;;;;;;
VASO 12OZ X50UD WAU;5300;https://superdesechablesdelnorte.com/887-medium_default/vaso-12-onz-x-50-und-opal-wau.jpg;;;;;;;;;;
VASO 13OZ X25UD WAU;3200;https://www.tudistribuidora.com.co/images/product/0306010.jpg;;;;;;;;;;
VASO 14OZ X25UD WAU;3300;https://superdesechablesdelnorte.com/400-home_default/vaso-14-onz-x-25-und-opal-wau.jpg;;;;;;;;;;
VASO 16OZ WAU X25UD;3700;https://superdesechablesdelnorte.com/886-home_default/vaso-10-onz-x-50-und-opal-wau.jpg;;;;;;;;;;
TAPA DOMO 14-16 50UD ACMEL;14600;https://superdesechablesdelnorte.com/569-medium_default/tapa-domo-base-helado-8-vaso-13-liso-pitil-x-50-acme.jpg;;;;;;;;;;
VASO 5.0 ONZ NEG 50UD ACMELEON;2400;https://freskofood57.com/wp-content/uploads/2024/01/Vaso-desechable-negro-5-onza-x50-unidades-Acme-leon.jpeg;;;;;;;;;;
VASO 5.0 ONZ NEG 50UD MIX;1800;https://encrypted-tbn0.gstatic.com/images?q=tbn:ANd9GcTcsmbV01hGX7Cw-JSRxAfJ9_k5_X41wXhYRA&s;;;;;;;;;;
VASO 5.0 ONZ BLANCO 50UD MIX;1800;https://www.ecoplastcentro.com/fotos/12639.jpg;;;;;;;;;;
VASO 5oz BICO 50UD ACMELEON;2900;https://ivo-mucura.s3.amazonaws.com/productos/rKr5E40xm5.jpg;;;;;;;;;;
VASO 3.3 NEGRO  50UD MIX;1700;https://evotiendas.com/wp-content/uploads/2023/03/portada-vaso-super-1.png-300x300.webp;;;;;;;;;;
VASO 1.0 ONZ MARPLAST;2000;https://futuriplast.com/wp-content/uploads/2020/07/V1TR-1.jpg;;;;;;;;;;
VASO 1.5 OZ OPAL 50UD ACMELEON;2300;https://encrypted-tbn0.gstatic.com/images?q=tbn:ANd9GcS7N9HToYXxq_abReUNherekjNQtEyGF1UE6A&s;;;;;;;;;;
TAPA 1-1/2 ONZ ACMELEON;3200;https://evotiendas.com/wp-content/uploads/2023/03/Tapa-Copa-Acme-Leon-Foto-Principal.webp;;;;;;;;;;
VASO 9ONZ CRIST ACMELEON;4800;https://www.productoshyh.com/578-large_default/vaso-desechable-9-oz-trasparente-acmeleon.jpg;;;;;;;;;;
VASO 12 ONZ 50UD ACME;6300;https://www.productoshyh.com/694-large_default/vaso-desechable-12-oz-trasparente-acmeleon.jpg;;;;;;;;;;
VASO 16ONZ CRIST ACMELEON;4700;https://http2.mlstatic.com/D_NQ_NP_878987-MCO76667040320_062024-O.webp;;;;;;;;;;
TAPA 14-22 ONZ ACMELEON;8150;https://www.ecoplastcentro.com/fotos/3466.jpg;;;;;;;;;;
TAPA 1.5, 2.0, 3.0 X100UD ACMEL;4000;https://encrypted-tbn0.gstatic.com/images?q=tbn:ANd9GcTKBC7rZuoxr3UfZfpJGD_VZHuglLzIipnyDg&s;;;;;;;;;;
BASE 1/2 ONZ ACMELEON;2000;https://www.almacenesparati.cl/sites/337/upload/337_67492074590b9.png;;;;;;;;;;
TAPA 9-12ONZ 50UD ACMELEON;4900;https://www.productoshyh.com/682-large_default/tapa-vaso-9-a-12-oz-acmeleon.jpg;;;;;;;;;;
VASO 14OZ X25UD ACMELEON;4300;https://evotiendas.com/wp-content/uploads/2023/03/IMG_20220601_091205023_HDR-PhotoRoom-2.png.webp;;;;;;;;;;
VASO 5 OZ COLERO BLAN 50UD;1900;https://housedistribuciones.com/imgupload/Gxwx4C_5oz%20Colero%20Vacan%20Blanco.png;;;;;;;;;;
VASO 7 OZ X50UD MARPLAST;2000;https://encrypted-tbn0.gstatic.com/images?q=tbn:ANd9GcQFUdvV2VnYFZKmtyp8AOUmM78lXuNIHuunrA&s;;;;;;;;;;
VASO 5.5 OZ TRANSPARENTE MARPLAST X50UD;2000;https://housedistribuciones.com/imgupload/kYIOED_5oz%20Colero%20Vacan%20Translucido.png;;;;;;;;;;
VASO 9OZ VACAN X50UD;2900;https://encrypted-tbn0.gstatic.com/images?q=tbn:ANd9GcTdjcC0_hBYoLB9M6x4N-P-GE4ZKhahgXm8XA&s;;;;;;;;;;
VASO 10 OZ VACAN X50UD ;3000;https://www.supermaxi.com/wp-content/uploads/2024/08/items2Figm2F1000x10002F7861158700135-1.jpg;;;;;;;;;;
VASO 12 OZ VACAN X50UD ;3300;https://encrypted-tbn0.gstatic.com/images?q=tbn:ANd9GcRZeoxAP0yy2BVI3NGMYogqQP5BKAQdjgHDoQ&s;;;;;;;;;;
PLATO HONDO 5OZ X20UD;1300;https://cdn.ajoverdarnel.com/img/pf/D5105101N.jpg;;;;;;;;;;
PLATO 15.5 CM BLAN DARN;2000;https://cdn.ajoverdarnel.com/img/pf/D500601N.jpg;;;;;;;;;;
PLATO 12CM X20UD;1300;https://cdn.ajoverdarnel.com/img/pf/D500501N.jpg;;;;;;;;;;
PLATO 18CM BLAN DARN;2800;https://cdn.ajoverdarnel.com/img/pf/D500701N.jpg;;;;;;;;;;
PLATO 20CM X20UD DARN;3600;https://cdn.ajoverdarnel.com/img/pf/D500801N.jpg;;;;;;;;;;
PLATO 23CM BLAN DARN;4200;https://cdn.ajoverdarnel.com/img/pf/D500901N.jpg;;;;;;;;;;
PLATO 26CM BLAN DARN;5800;https://cdn.ajoverdarnel.com/img/pf/D501001N.jpg;;;;;;;;;;
PLATO HONDO 12OZ X20UD;2800;https://cdn.ajoverdarnel.com/img/pf/D5006101N.jpg;;;;;;;;;;
PLATO HONDO 16OZ X20UD;3200;https://cdn.ajoverdarnel.com/img/pf/D5007101N.jpg;;;;;;;;;;
PLATO HONDO 30OZ X20UD;5800;https://cdn.ajoverdarnel.com/img/pf/D500801HN.jpg;;;;;;;;;;
PLATO HONDO 25OZ DARN;4700;https://cdn.ajoverdarnel.com/img/pf/D500801FN.jpg;;;;;;;;;;
PLATO 15.5 CM BIOD-BARVAL;3200;https://superdesechablesdelnorte.com/647-medium_default/plato-papel-no-15-cm-blanco-x-20-und.jpg;;;;;;;;;;
PLATO 18 CM BIOD-BARVAL;4000;https://mercaldas.vtexassets.com/arquivos/ids/1345905-800-auto?v=638800009375570000&width=800&height=auto&aspect=true;;;;;;;;;;
PLATO 23CM BIOD-BARVAL;6200;https://mercaldas.vtexassets.com/arquivos/ids/1345904/Plato-BARVAL-carton-23-cm-x20-unds_133770.jpg.jpg?v=638800000748400000;;;;;;;;;;
CAJA TORTA 17X17 XUD;1300;https://http2.mlstatic.com/D_NQ_NP_958485-MCO76008752919_042024-O.webp;;;;;;;;;;
CAJA TORTA 22X22 XUD;1500;https://http2.mlstatic.com/D_NQ_NP_958485-MCO76008752919_042024-O.webp;;;;;;;;;;
CAJA TORTA 24X24 XUD;1800;https://http2.mlstatic.com/D_NQ_NP_958485-MCO76008752919_042024-O.webp;;;;;;;;;;
CAJA TORTA 27X27XUD;1900;https://http2.mlstatic.com/D_NQ_NP_958485-MCO76008752919_042024-O.webp;;;;;;;;;;
CAJA TORTA 30X30XUD;2100;https://http2.mlstatic.com/D_NQ_NP_958485-MCO76008752919_042024-O.webp;;;;;;;;;;
CAJA TORTA 32X32X XUD;2300;https://http2.mlstatic.com/D_NQ_NP_958485-MCO76008752919_042024-O.webp;;;;;;;;;;
CAJA TORTA 42X42X XUD;3400;https://http2.mlstatic.com/D_NQ_NP_958485-MCO76008752919_042024-O.webp;;;;;;;;;;
CAJA PIZZA 22X22XUD XMAYOR;900;https://saborsuizo.tiendaweb.co/2490-large_default/caja-pizza-40x40-20-und.jpg;;;;;;;;;;
CAJA PIZZA 30X30XUD XMAYOR;1400;https://saborsuizo.tiendaweb.co/2490-large_default/caja-pizza-40x40-20-und.jpg;;;;;;;;;;
CAJA PIZZA 24X24XUD XMAYOR;1100;https://saborsuizo.tiendaweb.co/2490-large_default/caja-pizza-40x40-20-und.jpg;;;;;;;;;;
CAJA PIZZA 35X35 XMAYOR;1700;https://saborsuizo.tiendaweb.co/2490-large_default/caja-pizza-40x40-20-und.jpg;;;;;;;;;;
CAJA PIZZA 50X50XUD XMAYOR;3100;https://saborsuizo.tiendaweb.co/2490-large_default/caja-pizza-40x40-20-und.jpg;;;;;;;;;;
CAJA PIZZA 40X40 XMAYOR;2300;https://saborsuizo.tiendaweb.co/2490-large_default/caja-pizza-40x40-20-und.jpg;;;;;;;;;;
CAJA TORTA CARTULINA KRAF 13X13 XMAYOR;565;C:\Users\57320\Desktop\icopor.com\catalogo virtual\catalogo-frontend\images\caja torta cartulina.jpeg;;;;;;;;;;
CAJA TORTA CARTULINA KRAF 17X17 XMAYOR;890;C:\Users\57320\Desktop\icopor.com\catalogo virtual\catalogo-frontend\images\caja torta cartulina.jpeg;;;;;;;;;;
CAJA TORTA CARTULINA KRAF 22X22 XMAYOR;1170;C:\Users\57320\Desktop\icopor.com\catalogo virtual\catalogo-frontend\images\caja torta cartulina.jpeg;;;;;;;;;;
CAJA TORTA CARTULINA KRAF 27X27 XMAYOR;1415;C:\Users\57320\Desktop\icopor.com\catalogo virtual\catalogo-frontend\images\caja torta cartulina.jpeg;;;;;;;;;;
CAJA TORTA CARTULINA KRAF 32X32 XMAYOR;1775;C:\Users\57320\Desktop\icopor.com\catalogo virtual\catalogo-frontend\images\caja torta cartulina.jpeg;;;;;;;;;;
CAJA TORTA CARTULINA 42X42XMAYOR;3191;C:\Users\57320\Desktop\icopor.com\catalogo virtual\catalogo-frontend\images\caja torta cartulina.jpeg;;;;;;;;;;
CAJA BLANCA 18X10CM XUD;800;https://superdesechablesdelnorte.com/462-medium_default/caja-maletin-1-pollo-blanca-20x12x12-cm.jpg;;;;;;;;;;
CAJA BLANCA 20X13CM XUD;1400;https://todopanchia.com/wp-content/uploads/2020/11/IMG_8141-1.jpg;;;;;;;;;;
CAJA WOK #2 XUD;800;https://http2.mlstatic.com/D_NQ_NP_2X_642848-MLM73757958683_012024-T-caja-wok-de-papel-26-oz-para-comida-china-300-piezas.webp;;;;;;;;;;
CONO CARTON MEDIANO XUD;350;C:\Users\57320\Desktop\icopor.com\catalogo virtual\catalogo-frontend\images\cono carton.jpeg;;;;;;;;;;
CONO CARTON GRANDE XUD;450;C:\Users\57320\Desktop\icopor.com\catalogo virtual\catalogo-frontend\images\cono carton.jpeg;;;;;;;;;;
PORTA HAMBURGUESA X100UD;6800;https://g-ecoplast.com/wp-content/uploads/2023/08/PORTA-HAMBURGUESAS.png;;;;;;;;;;
PORTA PERRO X100UD;7200;https://www.dispropancaribe.com/cdn/shop/files/122523.jpg?v=1697668644;;;;;;;;;;
PORTA PIZZA X100UD;8100;https://www.carbolsas.co/imagenes/productos/caja-porta-pizza-plastificada8011-.png;;;;;;;;;;
PORTA AREPA X100UD;6800;https://http2.mlstatic.com/D_NQ_NP_831083-MCO54688347241_032023-O.webp;;;;;;;;;;
PORTA PAPA FRANCESA X100UD;9400;https://encrypted-tbn0.gstatic.com/images?q=tbn:ANd9GcQamIfJso_HPALEC8GHdr1kGRdwKgDQQRwIGw&s;;;;;;;;;;
VASO HELADO BLANCO 4OZ X50UD;8100;https://www.smpdistribuciones.com/static/store/products/166310122014012_1663101220.jpg;;;;;;;;;;
VASO HELADO BLANCO 8 OZ X50UD;12100;https://www.smpdistribuciones.com/static/store/products/166309954063817_1663099540.jpg;;;;;;;;;;
VASO HELADO COLOR 8 OZ X50UD;12500;https://todopanchia.com/wp-content/uploads/2021/03/IMG_9944-28.jpg;;;;;;;;;;
VASO HELADO COLOR 4OZ X50UD;8500;https://encrypted-tbn0.gstatic.com/images?q=tbn:ANd9GcSSRHauO9zvM3BMbheKye8IvB_NZgY5pcpRCg&s;;;;;;;;;;
VASO MOTITAS 5OZ X50UD;14400;https://httpsexcelenciawp.com/wp-content/uploads/2021/01/WhatsApp-Image-2021-01-13-at-14.08.29.jpeg;;;;;;;;;;
TAPA MOTITAS 5OZ X50UD;14800;https://desechablesbiodegradables.com.co/cdn/shop/files/1187107.jpg?v=1694883211;;;;;;;;;;
BOLSA OBLEA X100UD;8200;C:\Users\57320\Desktop\icopor.com\catalogo virtual\catalogo-frontend\images\bolsa oblea.jpeg;;;;;;;;;;
AROMATICA X24 SOBRES ZUIN;3600;https://www.productoshyh.com/423-medium_default/aromatica-de-panela-instantanea-zuin.jpg;;;;;;;;;;
AROMATICA X50 SOBRES ZUIN;5900;https://2235e99525.cbaul-cdnwnd.com/5ea07857e58c6572b0cad814bb7ea1b8/system_preview_detail_200000473-473c4473c5/WhatsApp%20Image%202020-02-15%20at%2010.15.00%20AM%20(3).jpeg;;;;;;;;;;
AZUCAR SOBRE X200UD;5900;https://www.productoshyh.com/782-large_default/azucar-tubipack.jpg;;;;;;;;;;
PANELA X200SOBRES;7900;https://cdn1.totalcommerce.cloud/casalimpia/product-image/es/panela-instantanea-en-sobres-x-100-unidades-1.webp;;;;;;;;;;
VELA  NUMERO MAGICA ;1600;https://www.grafitos.com.co/wp-content/uploads/2025/02/Velas-Numericas-Grafitos-Medianas-600x600.webp;;;;;;;;;;
VELA X6 MITAD METAL Y ESCARCHADA;2500;C:\Users\57320\Desktop\icopor.com\catalogo virtual\catalogo-frontend\images\vela mitad escarchada.jpeg;;;;;;;;;;
MINI VELA  X10;1500;https://www.grafitos.com.co/wp-content/uploads/2025/03/Set-De-Mini-Velas-Metalizadas-Grafitos-x10.webp;;;;;;;;;;
VELA FIESTA ESPIRAL PASTEL X6;2500;https://www.grafitos.com.co/wp-content/uploads/2025/03/Velas-En-Espiral-Colores-Pasteles-Grafitos.webp;;;;;;;;;;
VELA LISA METALIZADA X10;2500;https://www.grafitos.com.co/wp-content/uploads/2025/03/Velas-Metalizadas-Delgadas-Grafitos.webp;;;;;;;;;;
VELAS MAGICAS X10;1200;C:\Users\57320\Desktop\icopor.com\catalogo virtual\catalogo-frontend\images\velas magicas.jpeg;;;;;;;;;;
NEVERA INSULINA XUD;8000;https://http2.mlstatic.com/D_NQ_NP_896197-MCO74485388709_022024-O.webp;;;;;;;;;;
NEVERA 3 LITROS XUD;9000;https://berpaadmin.com.co/backend/admin/backend/web/archivosDelCliente/items/images/4856-EMPAQUES-Y-DESECHABLES-RECIPIENTES-MULTIUSOS-Y-EMPAQUES-NEVERA-7-LT-485620230810180102.jpg;;;;;;;;;;
NEVERA 5 LITROS XUD;10000;https://http2.mlstatic.com/D_NQ_NP_901116-MCO70698548990_072023-O.webp;;;;;;;;;;
NEVERA 10 LITROS XUD;14000;https://http2.mlstatic.com/D_NQ_NP_901116-MCO70698548990_072023-O.webp;;;;;;;;;;
NEVERA 15 LITROS XUD;17000;https://lh3.googleusercontent.com/K0pceXNjYx9sz6iOdzOIJZ4HzczDnlYwWUE2E-q6HDg6_7Lwuv35kLK1qLEEcFHZEBrRLBLQ8PG2oMz6_dkswiJLaJZIc9xJuev6RPkR-YqP3X8;;;;;;;;;;
NEVERA 20 LITROS XUD;19000;https://http2.mlstatic.com/D_NQ_NP_901116-MCO70698548990_072023-O.webp;;;;;;;;;;
NEVERA 30 LITROS XUD;24000;https://http2.mlstatic.com/D_NQ_NP_901116-MCO70698548990_072023-O.webp;;;;;;;;;;
NEVERA 40 LITROS XUD;28000;https://http2.mlstatic.com/D_NQ_NP_901116-MCO70698548990_072023-O.webp;;;;;;;;;;
tanque de 100litr;53200;https://http2.mlstatic.com/D_NQ_NP_2X_616364-MCO41515264497_042020-T.webp;;;;;;;;;;
LAVALOZA LIQUID LIMPIA YA 500ML;2600;https://limpiaseo.com.co/wp-content/uploads/2020/10/file-2-3.png;;;;;;;;;;
PASTAS HIPOCLORITO X5UD;2500;https://cdnx.jumpseller.com/disproquimica/image/23734993/resize/1200/1200?1667260190;;;;;;;;;;
PAPEL HGIENICO ROLLAZO DUO;2400;https://www.elite.co/assets/uploads/images/18301-rollazo-grande-min.png;;;;;;;;;;
JABON REY XUD;3000;https://dersa.com.co/wp-content/uploads/2023/08/REY_BARRA_MIN-removebg-preview.png;;;;;;;;;;
LIMPION PEQUEÑO;1500;https://cdn.quicksell.co/-MEhbYLslPiE0aD8D6hr/products/-MuWIcNYL9D7XiT3ZFnR.jpg;;;;;;;;;;
LIMPION MEDIANO;1800;https://cdn.quicksell.co/-MEhbYLslPiE0aD8D6hr/products/-MuWIcNYL9D7XiT3ZFnR.jpg;;;;;;;;;;
LIMPION ESTAMPADO MEDIANO;2500;https://http2.mlstatic.com/D_NQ_NP_610441-MCO51924661013_102022-O.webp;;;;;;;;;;
LIMPION ESTAMPADO GRANDE;3600;https://productosscopa.com/wp-content/uploads/2022/08/Limpion-Estampado.png;;;;;;;;;;
LIMPION MICROFIBRA MEDIANO;2700;https://http2.mlstatic.com/D_NQ_NP_963904-MCO47907793978_102021-O.webp;;;;;;;;;;
LIMPION MICROFIBRA GRANDE;4200;https://http2.mlstatic.com/D_NQ_NP_962202-MCO44185044336_112020-O.webp;;;;;;;;;;
COGE OLLA;2000;https://http2.mlstatic.com/D_NQ_NP_945790-MCO47996197827_102021-O.webp;;;;;;;;;;
SOMBRILLA COCTEL X20UD;3800;https://images.rappi.com/products/1689712901115_1689712893792_1689712893763.jpeg;;;;;;;;;;
MEZCLADOR COCTEL X20UD;2200;https://http2.mlstatic.com/D_NQ_NP_754151-MCO44720074111_012021-O.webp;;;;;;;;;;
SEPARADOR QUESO X KILO;14300;https://http2.mlstatic.com/D_NQ_NP_888505-MCO80536402288_112024-O.webp;;;;;;;;;;
PALILLOS DIENTES EL SOL DOBLEPUN X180UD;800;https://fonina.co/2369-home_default/palillos-de-dientes-el-sol-x180und.jpg;;;;;;;;;;
PALILLOS INDIVI EL SOL X500UD;3900;https://encrypted-tbn0.gstatic.com/images?q=tbn:ANd9GcShQ61bsWuwpU9G6t6pPw4EJEeKz119C50kFQ&s;;;;;;;;;;
PALILLOS EXTRALARG EL SOL 125UD;1500;https://olimpica.vtexassets.com/arquivos/ids/719527/7707015506475.jpg?v=637756143093800000;;;;;;;;;;
PALO PINCHO 20CM SOL;1900;https://cipe.com.co/wp-content/uploads/2021/11/999-0018-000029.jpg;;;;;;;;;;
PALO PINCHO 25CM EL SOL;2100;https://cdn1.totalcommerce.cloud/mercacentro/product-zoom/es/palo-pincho-el-sol--25-cm-100-und-1.webp;;;;;;;;;;
PALO PINCHO 25CM BAMBU GRUESO X100UD;2500;https://berpaadmin.com.co/backend/admin/backend/web/archivosDelCliente/items/images/5106-EMPAQUES-Y-DESECHABLES-PITILLOS-PALOS-DE-MADERA-Y-MEZCLADORE-PALO-PINCHUZO-25-CM-X-100-cj50-510620230930095101.jpg;;;;;;;;;;
PALO PINCHO 30CM X100UD;2400;https://somosempaques.com/images/000076/large/307_0.jpg;;;;;;;;;;
PALO PINCHO 30CM GRUESO X100UD;3400;https://sskaizen.com/co/wp-content/uploads/2025/03/Palo-P-Pincho-Bambu-30Cm-Grueso-X-100-403000011.jpg;;;;;;;;;;
CUCHARA GRANDE MADERA  X20UD;2300;https://mercaldas.vtexassets.com/arquivos/ids/1343643/Cuchara-EL-SOL-madera-grande-x20-unds_133784.jpg.jpg?v=638766294120870000;;;;;;;;;;
TENEDOR GRANDE MADERA  X20UD;2000;https://mercaldas.vtexassets.com/arquivos/ids/1343644/Tenedor-EL-SOL-madera-grande-x20-unds_133785.jpg.jpg?v=638766295016070000;;;;;;;;;;
CUCHILLO GRANDE MADERA  X20UD;2000;https://mercaldas.vtexassets.com/arquivos/ids/1343645/Cuchillo-EL-SOL-madera-grande-x20-unds_133786.jpg.jpg?v=638766295747600000;;;;;;;;;;
MINI CUCHARA MADERA X50UD;3200;https://http2.mlstatic.com/D_NQ_NP_631748-MCO77676615243_072024-O.webp;;;;;;;;;;
PALO BANDERIN X100UD;4900;https://http2.mlstatic.com/D_Q_NP_2X_903643-MLA82605487332_032025-T.webp;;;;;;;;;;
PALO MEZCLADOR MEDIANO X 500UD;4100;https://mercaldas.vtexassets.com/arquivos/ids/1343642/Mezclador-EL-SOL-bamboo-red-11-cm-x500-unds_133782.jpg.jpg?v=638766288893270000;;;;;;;;;;
PALO HELADO 100UD;1700;https://www.bolsasyempaquescolombia.com/cdn/shop/files/1694546187220_c0057072-d327-402c-bd31-c4d8a30aaccb.jpg?v=1709129335;;;;;;;;;;
PALO PALETA 100UD;2000;https://http2.mlstatic.com/D_NQ_NP_920046-MCO51493545875_092022-O.webp;;;;;;;;;;
FOSFOROS X20UD;3700;https://encrypted-tbn0.gstatic.com/images?q=tbn:ANd9GcTVRK-4N02d9L3QJ7MIVSgJMIg1cZXq551lnQ&s;;;;;;;;;;
SERVILLETA NUBE X300UD;49500;https://i0.wp.com/sumimega.com/wp-content/uploads/2024/09/Nube-Photoroom.png;;;;;;;;;;
SERVILLETA NUBE 1a1 x150ud;2200;https://mercadomadrid.com.co/11850-superlarge_default_2x/servilleta-nube-blanca-pqx100hj.jpg;;;;;;;;;;
TOALLA COCINA NUBE X150H;4800;https://mercaldas.vtexassets.com/arquivos/ids/1333334-800-auto?v=638593298954100000&width=800&height=auto&aspect=true;;;;;;;;;;
TOALLA NUBE PACA X12;2000;https://mercaldas.vtexassets.com/arquivos/ids/1333334-800-auto?v=638593298954100000&width=800&height=auto&aspect=true;;;;;;;;;;
